asin,product_title,product_price,product_original_price,currency,product_star_rating,product_num_ratings,product_url,product_photo,product_num_offers,product_minimum_offer_price,is_best_seller,is_prime,climate_pledge_friendly
B0BXV2XKVF,SAMSUNG Galaxy A14 4G LTE (128GB + 4GB) Unlocked Worldwide (Only T-Mobile/Mint/Metro USA Market) 6.6&quot; 50MP Triple Camera + (15W Wall Charger) (Silver (SM-A145M/DS)),$136.99,,USD,4.3,255,https://www.amazon.com/dp/B0BXV2XKVF,https://m.media-amazon.com/images/I/717yeZFskGL._AC_SX444_SY639_QL65_.jpg,,$136.99,False,True,False
B0BLP3ZZXT,"SAMSUNG Galaxy S23 Ultra Cell Phone, Factory Unlocked Android Smartphone, 256GB, 200MP Camera, Night Mode, Long Battery Life, S Pen, US Version, 2023, Green","$1,199.99",,USD,4.7,359,https://www.amazon.com/dp/B0BLP3ZZXT,https://m.media-amazon.com/images/I/71HtN4qqLZL._AC_SX444_SY639_QL65_.jpg,,"$1,199.99",False,True,False
B0BYM3SD4K,"Apple iPhone 14 Pro Max, 128GB, Deep Purple - Unlocked (Renewed Premium)","$1,080.00","$1,150.00",USD,4,99,https://www.amazon.com/dp/B0BYM3SD4K,https://m.media-amazon.com/images/I/51iJx7YWDOL._AC_SX444_SY639_QL65_.jpg,,"$1,080.00",False,True,True
B09R6FJWWS,"SAMSUNG Galaxy A53 5G A Series Cell Phone, Factory Unlocked Android Smartphone, 128GB, 6.5” FHD Super AMOLED Screen, Long Battery Life, US Version, Black",$418.00,$449.99,USD,4.3,4044,https://www.amazon.com/dp/B09R6FJWWS,https://m.media-amazon.com/images/I/71HN4P-pd5L._AC_SX444_SY639_QL65_.jpg,,$418.00,False,True,True
B09Q98BRRN,"SAMSUNG Galaxy A03 Core (SM-A032/DS) Dual SIM 32GB/ 2GB RAM, GSM Unlocked International Version - No Warranty - Black",$87.60,,USD,3.8,1686,https://www.amazon.com/dp/B09Q98BRRN,https://m.media-amazon.com/images/I/61EYfTYzWML._AC_SX444_SY639_QL65_.jpg,,$87.60,False,True,False
B09V3HZ8B5,"Apple iPhone 13 Pro Max (256 GB, Alpine Green) [Locked] + Carrier Subscription","$1,199.00",,USD,4.1,21,https://www.amazon.com/dp/B09V3HZ8B5,https://m.media-amazon.com/images/I/611ovP2GkrL._AC_SX444_SY639_QL65_.jpg,,"$1,199.00",False,True,True
B09LG4PSB6,Samsung Galaxy S20 FE 5G 128GB Blue Verizon (Renewed),$189.99,$549.97,USD,4.1,759,https://www.amazon.com/dp/B09LG4PSB6,https://m.media-amazon.com/images/I/61WeLSi+UiL._AC_SX444_SY639_QL65_.jpg,,$189.99,False,True,True
B0C1Q3MVBP,"SAMSUNG Galaxy A14 5G A Series Cell Phone, Factory Unlocked Android Smartphone, 64GB Black",$148.99,$199.99,USD,3.5,37,https://www.amazon.com/dp/B0C1Q3MVBP,https://m.media-amazon.com/images/I/61G9RdA0EQL._AC_SX444_SY639_QL65_.jpg,,$148.99,False,True,True
B0BYTB365B,"SAMSUNG Galaxy A14 (128GB, 4GB) 6.6&#x27;&#x27;, Android 13, 5000mAh Battery, 50MP Triple Camera, Dual SIM 4G Volte GSM Unlocked International Model A145M/DS (w/ 256GB SD, Green)",$155.00,,USD,4.3,59,https://www.amazon.com/dp/B0BYTB365B,https://m.media-amazon.com/images/I/71xRZ1eIaKL._AC_SX444_SY639_QL65_.jpg,,$155.00,False,True,False
B0BTZ9DC88,"SAMSUNG Galaxy A14 (SM-A145P/DS) Dual SIM,64GB + 4GB, Factory Unlocked GSM, International Version (Fast Car Charger Bundle) - No Warranty - (Green)",$133.95,,USD,3.8,54,https://www.amazon.com/dp/B0BTZ9DC88,https://m.media-amazon.com/images/I/81kkaatt0dL._AC_SX444_SY639_QL65_.jpg,,$133.95,False,True,False
B0991J62ZY,"Samsung Galaxy A12 (32GB, 3GB) 6.5&quot; HD+, Quad Camera, 5000mAh Battery, Global 4G Volte (AT&amp;T Unlocked for T-Mobile, Verizon, Metro) A125U (Black) (Renewed)",$107.00,$149.99,USD,3.9,1263,https://www.amazon.com/dp/B0991J62ZY,https://m.media-amazon.com/images/I/81t8kQP6OQL._AC_SX444_SY639_QL65_.jpg,,$107.00,False,False,True
B0BTDVC5V5,SAMSUNG Galaxy A04S 4G LTE (64GB + 4GB) Unlocked Worldwide (Only T-Mobile/Mint/Metro USA Market) 6.5&quot; 50MP Triple Camera + (w/Fast Car Charger) (Black),$124.00,,USD,4.2,8,https://www.amazon.com/dp/B0BTDVC5V5,https://m.media-amazon.com/images/I/41eVxD1ZcWL._AC_SX444_SY639_QL65_.jpg,,$124.00,False,True,False
B07PFL39NH,"Samsung Galaxy S10, 128GB, Prism Black - Unlocked (Renewed)",$178.00,,USD,4.3,15311,https://www.amazon.com/dp/B07PFL39NH,https://m.media-amazon.com/images/I/51Jv+zvCoaL._AC_SX444_SY639_QL65_.jpg,,$178.00,False,True,True
B093CP6CLX,"Samsung Galaxy S21 Ultra 5G | G998U Android Cell Phone | US Version Smartphone | Pro-Grade Camera, 8K Video, 108MP High Res | 128GB, T-Mobile Locked, (Renewed)",$346.71,$366.90,USD,4.4,348,https://www.amazon.com/dp/B093CP6CLX,https://m.media-amazon.com/images/I/71c4bP43zpL._AC_SX444_SY639_QL65_.jpg,,$346.71,False,False,True
B09T3MQSVP,"Samsung Galaxy A13 5G Cell Phone, AT&amp;T GSM Unlocked Android Smartphone, 64GB, Long Lasting Battery, Expandable Storage, Triple Lens Camera, Infinite Display, Black (Renewed)",$125.00,,USD,3.9,660,https://www.amazon.com/dp/B09T3MQSVP,https://m.media-amazon.com/images/I/61xhaqnlKPL._AC_SX444_SY639_QL65_.jpg,,$125.00,False,False,True
B09BFTMQH9,"SAMSUNG Galaxy S21 FE 5G Cell Phone, Factory Unlocked Android Smartphone, 128GB, 120Hz Display Screen, Pro Grade Camera, All Day Intelligent Battery, US Version, 2022, Graphite",$499.99,$599.99,USD,4.5,14445,https://www.amazon.com/dp/B09BFTMQH9,https://m.media-amazon.com/images/I/61ZNIHIEUqL._AC_SX444_SY639_QL65_.jpg,,$499.99,False,True,False
B09C6LMM28,SAMSUNG A52 5G A526U 128GB Fully Unlocked Android Smartphone,$172.99,,USD,4.1,356,https://www.amazon.com/dp/B09C6LMM28,https://m.media-amazon.com/images/I/61Vz+CqGE6L._AC_SX444_SY639_QL65_.jpg,,$172.99,False,True,True
B09SM24S8C,"Samsung Galaxy A03s Cell Phone, AT&amp;T GSM Unlocked Android Smartphone, 32GB, Long Lasting Battery, Expandable Storage, 3 Camera Lenses, Infinite Display - Black (Renewed)",$85.27,$159.99,USD,4,96,https://www.amazon.com/dp/B09SM24S8C,https://m.media-amazon.com/images/I/61Dy9hZJ4ML._AC_SX444_SY639_QL65_.jpg,,$85.27,False,False,True
B082YG1L4B,SAMSUNG Galaxy A51 A515F 128GB DUOS GSM Unlocked Phone w/Quad Camera 48 MP + 12 MP + 5 MP + 5 MP (International Variant/US Compatible LTE) - Prism Crush Black,$269.96,$329.99,USD,4.3,4445,https://www.amazon.com/dp/B082YG1L4B,https://m.media-amazon.com/images/I/61pwpYcjYlL._AC_SX444_SY639_QL65_.jpg,,$269.96,False,True,True
B082T4F34B,"Samsung Galaxy S10e, 128GB, Prism Black - Unlocked (Renewed)",$129.95,,USD,4.3,13610,https://www.amazon.com/dp/B082T4F34B,https://m.media-amazon.com/images/I/71bK3oKRCOL._AC_SX444_SY639_QL65_.jpg,,$129.95,False,False,True
B09G984Z74,"Apple iPhone 13 Pro (512GB, Silver) [Locked] + Carrier Subscription","$1,299.00",,USD,,0,https://www.amazon.com/dp/B09G984Z74,https://m.media-amazon.com/images/I/617FFRO3vcL._AC_SX444_SY639_QL65_.jpg,,"$1,299.00",False,True,True
B0BMQTXV8W,Samsung Galaxy A04e 4G LTE 32GB+3GB Latin Specs (Only Tmobile/Metro/Mint US Market) 6.5&quot; Dual Sim 13MP Dual Camera SM-A042M/DS + (W/Fast Car Chager Bundle) (Black),$96.99,,USD,4.5,12,https://www.amazon.com/dp/B0BMQTXV8W,https://m.media-amazon.com/images/I/616EjNKGzVL._AC_SX444_SY639_QL65_.jpg,,$96.99,False,True,False
B0BTZRVWTF,SAMSUNG Galaxy A04 4G LTE (128GB + 4GB) Unlocked Global Worldwide (Only T-Mobile/Mint/Tello Metro USA Market) 6.5&quot; 50MP Dual Camera + (w/Fast Car Charger) (Black),$129.50,,USD,5,3,https://www.amazon.com/dp/B0BTZRVWTF,https://m.media-amazon.com/images/I/51cK+bA-tQL._AC_SX444_SY639_QL65_.jpg,,$129.50,False,True,False
B0BLZPQ5QG,"SAMSUNG Galaxy A04e (SM-A042M/DS) Dual SIM 32GB, 6.5&quot; GSM Unlocked, International Version (32GB SD Card Bundle) - Light Blue",$110.99,,USD,4.3,40,https://www.amazon.com/dp/B0BLZPQ5QG,https://m.media-amazon.com/images/I/71Nxq2DASeL._AC_SX444_SY639_QL65_.jpg,,$110.99,False,False,False
B09MW19JW2,"SAMSUNG Galaxy S22 Ultra Cell Phone, Factory Unlocked Android Smartphone, 256GB, 8K Camera, Brightest Display Screen, S Pen, Long Battery Life, Fast 4nm Processor, US Version, 2022, Phantom Black",$849.99,,USD,4.6,1550,https://www.amazon.com/dp/B09MW19JW2,https://m.media-amazon.com/images/I/61U6oC65TTL._AC_SX444_SY639_QL65_.jpg,,$849.99,False,True,True
B0C3RZZZG5,SAMSUNG Galaxy A24 4G LTE (128GB + 4GB) Unlocked Worldwide Latin Version (Only T-Mobile/Mint/Metro USA Market) 6.5&quot; 50MP Triple Camera + (w/Fast 25w Wall Dual Charger) (Silver),$177.95,,USD,4.3,36,https://www.amazon.com/dp/B0C3RZZZG5,https://m.media-amazon.com/images/I/51lmvXapyhL._AC_SX444_SY639_QL65_.jpg,,$177.95,False,True,False
B08HKRVZ4W,"Samsung Galaxy Note 20 5G (128GB, 8GB) 6.7&quot; AMOLED+, Snapdragon 865, Global 5G VoLTE (Fully Unlocked for AT&amp;T, Verizon, Sprint, Metro) N981U (Mystic Bronze) (Renewed)",$279.99,,USD,4.2,2285,https://www.amazon.com/dp/B08HKRVZ4W,https://m.media-amazon.com/images/I/61SOUv7GCpL._AC_SX444_SY639_QL65_.jpg,,$279.99,False,False,True
B096YGNXZ5,"SAMSUNG Galaxy S21+ Plus G996U 5G | Fully Unlocked Android Cell Phone | US Version Smartphone | Pro-Grade Camera, 8K Video, 64MP High Res | 128GB - Phantom Black - (Renewed)",$270.00,,USD,4.1,811,https://www.amazon.com/dp/B096YGNXZ5,https://m.media-amazon.com/images/I/61-QMCHyUES._AC_SX444_SY639_QL65_.jpg,,$270.00,False,False,True
B0BGYGFVBP,"iPhone 13 Pro Max, 512GB, Sierra Blue - Unlocked (Renewed Premium)","$1,065.00",,USD,4,1015,https://www.amazon.com/dp/B0BGYGFVBP,https://m.media-amazon.com/images/I/61i8Vjb17SL._AC_SX444_SY639_QL65_.jpg,,"$1,065.00",False,True,True
B0CB926S4G,Xiaomi Redmi 12C 4G LTE (128GB + 4GB) Factory Unlocked GSM 6.71&quot; 50MP Dual Camera (ONLY T-Mobile/Mint USA Market and Global GSM) + (w/Fast Car Charger Bundle) (Ocean Blue + Car Charger),$114.99,,USD,4.6,56,https://www.amazon.com/dp/B0CB926S4G,https://m.media-amazon.com/images/I/41XUT45dXlL._AC_SX444_SY639_QL65_.jpg,,$114.99,False,True,False
B08FRS8NPP,Samsung Galaxy S20+ 5G 128GB Fully Unlocked Smartphone (Renewed),$239.99,$467.99,USD,4.3,3975,https://www.amazon.com/dp/B08FRS8NPP,https://m.media-amazon.com/images/I/61Q9IXJ1zcS._AC_SX444_SY639_QL65_.jpg,,$239.99,False,False,True
B0775717ZP,"Apple iPhone 8, 64GB, Gold - Unlocked (Renewed)",$130.00,$139.00,USD,4.3,52910,https://www.amazon.com/dp/B0775717ZP,https://m.media-amazon.com/images/I/51fupva+E0L._AC_SX444_SY639_QL65_.jpg,,$130.00,False,True,True
B088YN4RFQ,SAMSUNG Galaxy A20 6.4&quot; 32GB GSM Unlocked 4G LTE Android Smartphone (Black),$159.72,,USD,3.6,113,https://www.amazon.com/dp/B088YN4RFQ,https://m.media-amazon.com/images/I/81RuCrOCftL._AC_SX444_SY639_QL65_.jpg,,$159.72,False,True,False
B08L9MY937,Samsung - Galaxy A71 A716U 5G Fully Unlocked 128GB - Prism Cube Black (Renewed),$170.00,,USD,4.2,1408,https://www.amazon.com/dp/B08L9MY937,https://m.media-amazon.com/images/I/61B8AZrmgjL._AC_SX444_SY639_QL65_.jpg,,$170.00,False,False,True
B09GBLFSB2,"SAMSUNG Galaxy Z Flip 3 5G Factory Unlocked Android Cell Phone US Version Smartphone Flex Mode Intuitive Camera Compact 128GB Storage US Warranty, Phantom Black (Renewed)",$349.99,$500.99,USD,4,996,https://www.amazon.com/dp/B09GBLFSB2,https://m.media-amazon.com/images/I/61E+6my831L._AC_SX444_SY639_QL65_.jpg,,$349.99,False,False,True
B0C63CFZ68,"SAMSUNG Galaxy Z Fold 5 Cell Phone, Factory Unlocked Android Smartphone, 512GB, Big 7.6” Screen for Streaming, Gaming, Dual App View, One-Hand Control, Hands-Free Use, US Version, 2023, Phantom Black","$1,619.99","$1,919.99",USD,3.3,9,https://www.amazon.com/dp/B0C63CFZ68,https://m.media-amazon.com/images/I/61A1RYHuSHL._AC_SX444_SY639_QL65_.jpg,,"$1,619.99",False,True,False
B08L34NZDM,"Samsung Galaxy S20 FE 5G, 128GB, Cloud Mint - Single SIM - Unlocked (Renewed)",$182.00,,USD,4.1,4731,https://www.amazon.com/dp/B08L34NZDM,https://m.media-amazon.com/images/I/61cNFRPvMUL._AC_SX444_SY639_QL65_.jpg,,$182.00,False,False,True
B0BV4N3VJZ,SAMSUNG Galaxy A04 4G LTE (64GB + 4GB) Unlocked Worldwide (Only T-Mobile/Mint/Metro USA Market) 6.5&quot; 50MP Dual Camera + (w/Fast Car Charger) (White),$107.95,,USD,3.6,27,https://www.amazon.com/dp/B0BV4N3VJZ,https://m.media-amazon.com/images/I/71NylkSF-zL._AC_SX444_SY639_QL65_.jpg,,$107.95,False,True,False
B0BVX8YJJ2,Xiaomi Redmi 12C 4G LTE (128GB + 4GB) Factory Unlocked GSM 6.71&quot; 50MP Dual Camera (ONLY T-Mobile/Mint USA Market) + (w/Fast Car Charger Bundle) (Graphite Gray),$114.70,,USD,4.7,3059,https://www.amazon.com/dp/B0BVX8YJJ2,https://m.media-amazon.com/images/I/51cU7HevYPL._AC_SX444_SY639_QL65_.jpg,,$114.70,False,True,False
B0C3KQH3DK,SAMSUNG Galaxy S23 Ultra 5G (SM-S918B/DS) Dual SIM 512GB ROM 12GB RAM GSM Factory Unlocked Global Model Mobile Cell Phone Cream,"$1,078.00",,USD,5,1,https://www.amazon.com/dp/B0C3KQH3DK,https://m.media-amazon.com/images/I/61LKCRtPhrL._AC_SX444_SY639_QL65_.jpg,,"$1,078.00",False,False,False
B082QPSB79,"Samsung Galaxy A50 US Version Factory Unlocked Cell Phone with 64GB Memory, 6.4&quot; Screen, Black, [SM-A505UZKNXAA] (Renewed)",$123.73,,USD,3.8,1609,https://www.amazon.com/dp/B082QPSB79,https://m.media-amazon.com/images/I/71en3ZM0i-L._AC_SX444_SY639_QL65_.jpg,,$123.73,False,False,True
B00SZ59XFA,"Samsung Galaxy Tab 4 (7-Inch, Black) (Renewed)",$80.00,$84.98,USD,3.9,595,https://www.amazon.com/dp/B00SZ59XFA,https://m.media-amazon.com/images/I/71Gym2hD+IL._AC_SX444_SY639_QL65_.jpg,,$80.00,False,True,True
B08L5NLF53,"Apple iPhone 12 Pro Max (128GB, Silver) [Locked] + Carrier Subscription","$1,099.00",,USD,4.3,272,https://www.amazon.com/dp/B08L5NLF53,https://m.media-amazon.com/images/I/71umuN8XVeL._AC_SX444_SY639_QL65_.jpg,,"$1,099.00",False,True,True
B0BY3G27VJ,SAMSUNG Galaxy A34 5G + 4G LTE (128GB + 6GB) Unlocked Worldwide (Only T-Mobile/Mint/Metro USA Market) 6.6&quot; 120Hz 48MP Triple Camera + (25W Wall Charger) (Awesome Silver (SM-A346M)),$246.00,,USD,4.3,63,https://www.amazon.com/dp/B0BY3G27VJ,https://m.media-amazon.com/images/I/51ExLzIc3sL._AC_SX444_SY639_QL65_.jpg,,$246.00,False,True,False
B0C78D8V6Y,"SAMSUNG Galaxy A24 (SM-A245M/DS) Dual SIM,128GB + 4GB, Factory Unlocked GSM, International Version (Ring Grip Case Bundle) - No Warranty - (Black)",$189.99,,USD,3,3,https://www.amazon.com/dp/B0C78D8V6Y,https://m.media-amazon.com/images/I/51iSbEbPE1L._AC_SX444_SY639_QL65_.jpg,,$189.99,False,True,False
B0BWS91HB9,SAMSUNG Galaxy A34 5G + 4G LTE (256GB + 8GB) Unlocked Worldwide (Only T-Mobile/Mint/Metro USA Market) 6.6&quot; 120Hz 48MP Triple Camera + (25W Wall Charger) (Awesome Silver (SM-A346M/DSN)),$279.50,,USD,4.5,636,https://www.amazon.com/dp/B0BWS91HB9,https://m.media-amazon.com/images/I/51ExLzIc3sL._AC_SX444_SY639_QL65_.jpg,,$279.50,False,True,False
B09TPY8MJS,"Samsung Galaxy Z Flip 3 Flip3 5G Fully Unlocked Android Cell Phone US Version Smartphone Flex Mode, Intuitive Camera Compact - (Renewed) (128GB, Cream)",$350.00,$369.49,USD,4,575,https://www.amazon.com/dp/B09TPY8MJS,https://m.media-amazon.com/images/I/51-CRzg9HeL._AC_SX444_SY639_QL65_.jpg,,$350.00,False,False,True
B079JLWJK1,SAMSUNG Galaxy S9+ Factory Unlocked Smartphone 64GB - Coral Blue - US Version [SM-G965UZBAXAA],$229.90,,USD,4.4,8480,https://www.amazon.com/dp/B079JLWJK1,https://m.media-amazon.com/images/I/814LT0LzEPL._AC_SX444_SY639_QL65_.jpg,,$229.90,False,True,True
B0C63GXC5L,"SAMSUNG Galaxy Z Flip 5 Cell Phone, Factory Unlocked Android Smartphone, 256GB, Compact, Foldable Design, One-Hand Control, Best Selfies, Full Cover Screen, Hands-Free Use, US Version, 2023, Lavender",$799.99,$999.99,USD,3.8,4,https://www.amazon.com/dp/B0C63GXC5L,https://m.media-amazon.com/images/I/61IqkfGCw5L._AC_SX444_SY639_QL65_.jpg,,$799.99,False,False,False
B0BY3FDC4F,SAMSUNG Galaxy A54 5G + 4G LTE (128GB + 6GB) Unlocked Worldwide Dual Sim (Only T-Mobile/Mint/Metro USA Market) 6.4&quot; 120Hz 50MP Triple Cam + (25W Wall Charger) (Awesome White (SM-A546M)),$319.50,,USD,4.1,224,https://www.amazon.com/dp/B0BY3FDC4F,https://m.media-amazon.com/images/I/514VDFqf+8L._AC_SX444_SY639_QL65_.jpg,,$319.50,False,True,False
B09HY6N45T,SAMSUNG Galaxy A02s SM-A025V 32GB Android Smartphone Verizon Locked - Black - (Renewed),$74.00,,USD,4,122,https://www.amazon.com/dp/B09HY6N45T,https://m.media-amazon.com/images/I/51-5SZLawVL._AC_SX444_SY639_QL65_.jpg,,$74.00,False,True,True
B0BSLR2L5R,"SAMSUNG Galaxy A54 5G A Series Cell Phone, Factory Unlocked Android Smartphone, 128GB w/ 6.4” Fluid Display Screen, Hi Res Camera, Long Battery Life, Refined Design, US Version, 2023, Awesome Black",$449.99,,USD,4.2,393,https://www.amazon.com/dp/B0BSLR2L5R,https://m.media-amazon.com/images/I/61MEp5HIdBL._AC_SX444_SY639_QL65_.jpg,,$449.99,False,True,False
B0C34C4W27,SAMSUNG Galaxy A14 5G + 4G LTE (128GB + 4GB) Unlocked Worldwide (Only T-Mobile/Mint/Tello USA Market) 1 Year Warranty Latin America 6.6&quot; 50MP Triple Camera + (15W Wall Charger) (Silver),$186.00,,USD,4.2,82,https://www.amazon.com/dp/B0C34C4W27,https://m.media-amazon.com/images/I/61u45AnjCfL._AC_SX444_SY639_QL65_.jpg,,$186.00,False,True,False
B07C659R8F,"Samsung Galaxy S9, 64GB, Coral Blue - Fully Unlocked (Renewed)",$129.99,$258.75,USD,4.3,2615,https://www.amazon.com/dp/B07C659R8F,https://m.media-amazon.com/images/I/81w7ZiXXQ3L._AC_SX444_SY639_QL65_.jpg,,$129.99,False,False,True
B0BGQSV8JL,"iPhone 13 Mini, 128GB, Midnight - Unlocked (Renewed Premium)",$509.00,$549.99,USD,4.3,212,https://www.amazon.com/dp/B0BGQSV8JL,https://m.media-amazon.com/images/I/61g+McQpg7L._AC_SX444_SY639_QL65_.jpg,,$509.00,False,True,True
B0BH4HDWL7,"SAMSUNG Galaxy A04 (SM-A045F/DS) Dual SIM,32GB + 3GB, Factory Unlocked GSM, International Version (Fast Car Charger Bundle) - No Warranty - (White)",$98.50,,USD,3.9,4,https://www.amazon.com/dp/B0BH4HDWL7,https://m.media-amazon.com/images/I/81WXo6C1wqL._AC_SX444_SY639_QL65_.jpg,,$98.50,False,True,False
B0BTZ7Y72K,"SAMSUNG Galaxy A14 (SM-A145P/DS) Dual SIM,128GB + 4GB, Factory Unlocked GSM, International Version (Fast Car Charger Bundle) - No Warranty - Black",$139.99,$147.99,USD,4,29,https://www.amazon.com/dp/B0BTZ7Y72K,https://m.media-amazon.com/images/I/81L701E6piL._AC_SX444_SY639_QL65_.jpg,,$139.99,False,True,False
B09KMH4G81,Samsung Galaxy A42 5G 128GB Prism Dot Black for Verizon (Renewed),$129.95,,USD,4.2,295,https://www.amazon.com/dp/B09KMH4G81,https://m.media-amazon.com/images/I/31r31kHTwDL._AC_SX321_SY462_QL65_.jpg,,$129.95,False,False,True
B0C6NCFPKN,"SAMSUNG Galaxy A24 Dual SIM (128GB, 4GB) 6.5&quot; 90Hz AMOLED, Octa-Core (6nm), 50MP Triple Camera, 4G Volte (GSM Unlocked for T-Mobile, Metro, Global) International Model A245M/DSN (w/ 256GB SD, Silver)",$189.99,$199.99,USD,2.1,3,https://www.amazon.com/dp/B0C6NCFPKN,https://m.media-amazon.com/images/I/51lmvXapyhL._AC_SX444_SY639_QL65_.jpg,,$189.99,False,True,False
B0BTYVNQG6,"SAMSUNG Galaxy S23 Ultra Cell Phone, Factory Unlocked Android Smartphone, 1TB Storage, 200MP Camera, Night Mode, Long Battery Life, S Pen, US Version, 2023 Phantom Black (Black) (Phantom Black)",,,,4.5,59,https://www.amazon.com/dp/B0BTYVNQG6,https://m.media-amazon.com/images/I/51noqYKjciL._AC_SX444_SY639_QL65_.jpg,,,False,False,False
B0C9GJ5DYX,Xiaomi Redmi 12 4G LTE (128GB + 4GB) Factory Global Unlocked 6.67&quot; 50mp Triple Camera (Tmobile Mint Tello Global) + Extra (w/Fast 51W Dual USB Car Charger Bundle) (Sky Blue + Car Charger),$149.00,,USD,4.4,43,https://www.amazon.com/dp/B0C9GJ5DYX,https://m.media-amazon.com/images/I/61vzO5p1bHL._AC_SX444_SY639_QL65_.jpg,,$149.00,False,True,False
B0B97Z7H3P,SAMSUNG Galaxy S20 FE 5G 128GB Cloud Red - Verizon (Renewed),$179.00,$215.37,USD,3.9,45,https://www.amazon.com/dp/B0B97Z7H3P,https://m.media-amazon.com/images/I/71EScc4pOQL._AC_SX444_SY639_QL65_.jpg,,$179.00,False,False,True
B0BPDFV3ML,"SAMSUNG Galaxy A04 (SM-A045F/DS) Dual SIM 64GB/ 4GB, 6.5&quot; GSM Unlocked, International Version (32GB SD Card Bundle) - Green",$113.00,,USD,5,1,https://www.amazon.com/dp/B0BPDFV3ML,https://m.media-amazon.com/images/I/61jgjQPSdBL._AC_SX444_SY639_QL65_.jpg,,$113.00,False,True,False
B08NFCZGJF,"Samsung Galaxy A01 SM-A015A 16GB 5.7” Single-SIM Android Smartphone (Renewed) (Black, GSM Unlocked)",$93.98,,USD,3.9,288,https://www.amazon.com/dp/B08NFCZGJF,https://m.media-amazon.com/images/I/61GLRHoIvAL._AC_SX444_SY639_QL65_.jpg,,$93.98,False,True,True
B0BYLJXZMQ,"Apple iPhone 14 Pro, 128GB, Silver - Unlocked (Renewed Premium)","$1,060.00",,USD,3.7,41,https://www.amazon.com/dp/B0BYLJXZMQ,https://m.media-amazon.com/images/I/51xiCpbirGL._AC_SX444_SY639_QL65_.jpg,,"$1,060.00",False,True,True
B0C5Z4QPZH,"SAMSUNG Galaxy A14 5G Dual SIM (128GB, 4GB) 6.6&quot; 90Hz Display, Octa-Core, 50MP Triple Camera, 4G Volte (GSM Unlocked for T-Mobile, Metro, Global) International Model A146M/DS (w/ 256GB SD, Black)",$194.00,,USD,4.4,29,https://www.amazon.com/dp/B0C5Z4QPZH,https://m.media-amazon.com/images/I/51frgFA0pzL._AC_SX444_SY639_QL65_.jpg,,$194.00,False,True,False
B084GT5HWY,"Apple iPhone 11 Pro Max [256GB, Silver] + Carrier Subscription [Cricket Wireless]","$1,149.00",,USD,3.8,65,https://www.amazon.com/dp/B084GT5HWY,https://m.media-amazon.com/images/I/81hA4nb-+qL._AC_SX444_SY639_QL65_.jpg,,"$1,149.00",False,True,True
B07PLLZRHC,Samsung Galaxy J7 Star J737T 5.5&quot; T-Mobile 32GB Android 13MP - Silver (Renewed),$112.69,,USD,4.1,176,https://www.amazon.com/dp/B07PLLZRHC,https://m.media-amazon.com/images/I/51k+lnhqMhL._AC_SX444_SY639_QL65_.jpg,,$112.69,False,True,True
B0C2846P86,SAMSUNG Galaxy A24 4G LTE (128GB + 4GB) Unlocked Worldwide Latin Version (Only T-Mobile/Mint/Metro USA Market) 6.5&quot; 50MP Triple Camera + (w/Fast 25w Wall Dual Charger) (Silver),$181.50,,USD,4.5,17,https://www.amazon.com/dp/B0C2846P86,https://m.media-amazon.com/images/I/71YgPPEwFeL._AC_SX444_SY639_QL65_.jpg,,$181.50,False,True,False
B0C2G7GQ6H,SAMSUNG Galaxy A54 5G + 4G LTE (256GB + 8GB) Unlocked Worldwide Dual Sim 6.4&quot; 120Hz 50MP Triple Cam - (Black),$378.00,$409.99,USD,3.8,119,https://www.amazon.com/dp/B0C2G7GQ6H,https://m.media-amazon.com/images/I/616KYKmcp8L._AC_SX444_SY639_QL65_.jpg,,$378.00,False,False,False
B09598JR5G,"Samsung Galaxy A51 128GB 6.5&quot; 4G LTE Unlocked, Black (Renewed)",$142.99,$279.00,USD,3.5,177,https://www.amazon.com/dp/B09598JR5G,https://m.media-amazon.com/images/I/61tB+H2nk6L._AC_SX444_SY639_QL65_.jpg,,$142.99,False,False,True
B07Z3XZDT5,"Samsung Galaxy Note 10, 256GB, Aura Black - Fully Unlocked (Renewed)",$229.95,,USD,4.2,6813,https://www.amazon.com/dp/B07Z3XZDT5,https://m.media-amazon.com/images/I/519l80S-uLL._AC_SX444_SY639_QL65_.jpg,,$229.95,False,False,True
B08PMLLQ6P,"Samsung Galaxy A71 5G (128GB, 6GB) 6.7&quot; AMOLED+, Snapdragon 765G, 4500mAh Battery, Global 5G Volte GSM AT&amp;T Unlocked (T-Mobile, Metro, Straight Talk) US Warranty A716U (Prism Cube Black)",$299.00,,USD,3.7,146,https://www.amazon.com/dp/B08PMLLQ6P,https://m.media-amazon.com/images/I/61kx4uQ9c-L._AC_SX444_SY639_QL65_.jpg,,$299.00,False,True,False
B07ZPJW2XH,"Apple iPhone 11, 64GB, White - Fully Unlocked (Renewed)",$304.00,,USD,4.3,41955,https://www.amazon.com/dp/B07ZPJW2XH,https://m.media-amazon.com/images/I/31P-qsStXEL._AC_SX444_SY639_QL65_.jpg,,$304.00,True,False,True
B07RL93F7T,SAMSUNG Galaxy A50 SM-A505G 64GB 4GB RAM 25 MP 6.4&quot; Factory Unlocked- Black (Renewed),$129.96,$299.99,USD,4.1,903,https://www.amazon.com/dp/B07RL93F7T,https://m.media-amazon.com/images/I/71aVjicqCGL._AC_SX444_SY639_QL65_.jpg,,$129.96,False,False,True
B084KS5WYC,Samsung Galaxy A10e 32GB A102U GSM Unlocked Phone - Black (Renewed),$90.00,,USD,3.9,2955,https://www.amazon.com/dp/B084KS5WYC,https://m.media-amazon.com/images/I/71Eh6YWqqyL._AC_SX444_SY639_QL65_.jpg,,$90.00,False,False,True
B0875MSFWQ,"Apple iPhone SE (128GB, White) [Locked] + Carrier Subscription",$424.39,,USD,3.6,57,https://www.amazon.com/dp/B0875MSFWQ,https://m.media-amazon.com/images/I/81UhYiZH98L._AC_SX444_SY639_QL65_.jpg,,$424.39,False,True,True
B097C3TS3Q,Unlocked Samsung A42 5G 128GB - Black - SM-A426UZABXAA (Renewed),$151.95,,USD,4.1,255,https://www.amazon.com/dp/B097C3TS3Q,https://m.media-amazon.com/images/I/617Kt2KJQML._AC_SX444_SY639_QL65_.jpg,,$151.95,False,False,True
B09M2CZ8ZC,"Samsung Galaxy S21 G991U 5G | T-Mobile GSM Unlocked | Android 5G Smartphone (Renewed) (128GB, Phantom White)",$246.99,$294.99,USD,4,170,https://www.amazon.com/dp/B09M2CZ8ZC,https://m.media-amazon.com/images/I/61E+oCHJsHS._AC_SX444_SY639_QL65_.jpg,,$246.99,False,False,True
B0BXQZCD3Y,Xiaomi Redmi A2 4G 32GB + 2GB Global Version (Not USA Market) Factory Unlocked 6.52&quot; 8MP Dual Camera + (w/Fast Car Charger Bundle) (Black),$74.65,,USD,4.5,214,https://www.amazon.com/dp/B0BXQZCD3Y,https://m.media-amazon.com/images/I/71Q9CCUAC7L._AC_SX444_SY639_QL65_.jpg,,$74.65,False,True,False
B09FRBJZSY,"Samsung Galaxy Z Flip3 5G (128GB, 8GB) 6.7&quot; AMOLED, Snapdragon 888, 5G VoLTE, Fully Unlocked, F711U, Lavender (Renewed)",$339.99,$394.75,USD,4,575,https://www.amazon.com/dp/B09FRBJZSY,https://m.media-amazon.com/images/I/61OOF+0pGlL._AC_SX444_SY639_QL65_.jpg,,$339.99,False,False,True
B0BYMQ53WR,SAMSUNG Galaxy A54 5G + 4G LTE (128GB + 8GB) Unlocked Dual Sim (Only T-Mobile/Mint/Metro USA Market) 1 Year Latin America 6.4&quot; 120Hz 50MP Triple Cam + (25W Charger) (Awesome Violet (SM-A546M)),$327.50,,USD,4.4,590,https://www.amazon.com/dp/B0BYMQ53WR,https://m.media-amazon.com/images/I/51uirrYmBxL._AC_SX444_SY639_QL65_.jpg,,$327.50,False,True,False
B0BMXVFQN2,Samsung Galaxy S20 FE | 6GB / 128GB | for T-Mobile (Navy) (Renewed),$203.00,$629.97,USD,3.8,21,https://www.amazon.com/dp/B0BMXVFQN2,https://m.media-amazon.com/images/I/71SXiVpIgpL._AC_SX444_SY639_QL65_.jpg,,$203.00,False,False,True
B0C3P2BYZW,"SAMSUNG Galaxy S21 5G (128GB, 8GB RAM) 6.2&quot; AMOLED 2X, Snapdragon 888, 64MP Camera, Volte Fully Unlocked (AT&amp;T, Verizon, T-Mobile, Global) G991U1 (w/Fast Car Charger, Gray)(Renewed)",$279.80,,USD,4,75,https://www.amazon.com/dp/B0C3P2BYZW,https://m.media-amazon.com/images/I/61jYjeuNUnL._AC_SX444_SY639_QL65_.jpg,,$279.80,False,False,True
B00X8XAW7C,"Apple iPad Air 16GB Unlocked GSM 4G LTE Tablet, Space Gray (Renewed)",$199.99,,USD,4.1,57,https://www.amazon.com/dp/B00X8XAW7C,https://m.media-amazon.com/images/I/614vKAkHIrL._AC_SX444_SY639_QL65_.jpg,,$199.99,False,False,True
B09V3HQP7J,"Apple iPhone 13 (128 GB, Green) [Locked] + Carrier Subscription",$829.00,,USD,3.8,8,https://www.amazon.com/dp/B09V3HQP7J,https://m.media-amazon.com/images/I/61-r9zOKBCL._AC_SX444_SY639_QL65_.jpg,,$829.00,False,True,True
B0CDJWMZ6T,SAMSUNG Galaxy S9 | SM-G960U | 64GB | Fully Unlocked (Renewed) (Lilac Purple),$129.99,,USD,4.3,3293,https://www.amazon.com/dp/B0CDJWMZ6T,https://m.media-amazon.com/images/I/71v5pxoFKKL._AC_SX444_SY639_QL65_.jpg,,$129.99,False,False,True
B08NC5G33F,"Samsung Galaxy A11 SM-A115A 32GB Single-Sim Android Smartphone - Black (Renewed) (Black, GSM Unlocked)",$98.00,,USD,3.9,711,https://www.amazon.com/dp/B08NC5G33F,https://m.media-amazon.com/images/I/41vLKi5F+WL._AC_SX444_SY639_QL65_.jpg,,$98.00,False,True,True
B09Z8P34NM,"SAMSUNG Galaxy A13 LTE, Factory Unlocked Smartphone, Android Cell Phone, Water Resistant, 50MP Camera, US Version, 32GB, Black (Renewed)",$123.09,$169.72,USD,4.1,189,https://www.amazon.com/dp/B09Z8P34NM,https://m.media-amazon.com/images/I/61IX+1qw35L._AC_SX444_SY639_QL65_.jpg,,$123.09,False,True,True
B09B1NY84G,Samsung Galaxy A32 (5G) 64GB A326U (T-Mobile/Sprint Unlocked) 6.5&quot; Display Quad Camera Long Lasting Battery Smartphone - Black (Renewed),$133.95,$299.99,USD,4,1243,https://www.amazon.com/dp/B09B1NY84G,https://m.media-amazon.com/images/I/61AlzxcAXHL._AC_SX444_SY639_QL65_.jpg,,$133.95,False,False,True
B0CC34FBPB,Xiaomi Redmi 12 4G LTE (256GB + 8GB) Factory Global Unlocked 6.67&quot; 50mp Triple Camera (Tmobile Mint Tello Global) + Extra (w/Fast 51W Dual USB Car Charger) (Sky Blue + 51W Dual USB Car Charger),$185.00,,USD,4.6,54,https://www.amazon.com/dp/B0CC34FBPB,https://m.media-amazon.com/images/I/41OYmPwWS-L._AC_SX444_SY639_QL65_.jpg,,$185.00,False,True,False
B09ZRTQXQ7,"Samsung Galaxy A13 5G (64GB, 4GB) 6.5&quot; HD+, 50MP Triple Camera, 5000mAh Battery, 5G / 4G Volte (for T-Mobile, Metro, Sprint Only) A136U (Black) (Renewed)",$105.84,$229.99,USD,4.2,64,https://www.amazon.com/dp/B09ZRTQXQ7,https://m.media-amazon.com/images/I/61xhaqnlKPL._AC_SX444_SY639_QL65_.jpg,,$105.84,False,False,True
B09LNP1ZHT,"Apple iPhone 13, 128GB, Pink - Unlocked (Renewed)",$544.49,$594.99,USD,4.4,3293,https://www.amazon.com/dp/B09LNP1ZHT,https://m.media-amazon.com/images/I/61p1I5f5ApL._AC_SX444_SY639_QL65_.jpg,,$544.49,False,False,True
B08HC5GMK2,Samsung Galaxy A11 32GB A115U Fully Unlocked Smartphones (Renewed),$96.59,,USD,4,1101,https://www.amazon.com/dp/B08HC5GMK2,https://m.media-amazon.com/images/I/51y-JGU66-L._AC_SX444_SY639_QL65_.jpg,,$96.59,False,False,True
B0BN71KRH3,"Apple iPhone 14, 128GB, Purple for T-Mobile (Renewed)",$588.00,,USD,4.4,697,https://www.amazon.com/dp/B0BN71KRH3,https://m.media-amazon.com/images/I/619f09kK7tL._AC_SX444_SY639_QL65_.jpg,,$588.00,False,False,True
B0C1ZZRZH6,"SAMSUNG Galaxy A14 (SM-A145F/DS) Dual SIM,128GB + 4GB, Factory Unlocked GSM, International Version (Ring Grip Case Bundle) - No Warranty - (Black)",$149.99,,USD,4.5,3,https://www.amazon.com/dp/B0C1ZZRZH6,https://m.media-amazon.com/images/I/81L701E6piL._AC_SX444_SY639_QL65_.jpg,,$149.99,False,True,False
B07VZQ5D5L,Samsung Galaxy J3 Star 16GB J337T 5.0&quot; HD Display Android 8.0 4G LTE T-Mobile Smartphone - Gold (Renewed),$92.00,,USD,4.2,174,https://www.amazon.com/dp/B07VZQ5D5L,https://m.media-amazon.com/images/I/61F6V0kauNL._AC_SX444_SY639_QL65_.jpg,,$92.00,False,True,True
B0BDGKS7XD,"Xiaomi Redmi A1 (220733SL) Dual SIM, 32GB + 2GB RAM, Factory Unlocked GSM, International Version (Fast Car Charger Bundle) - (Blue), Light Blue",$84.50,,USD,4.5,1080,https://www.amazon.com/dp/B0BDGKS7XD,https://m.media-amazon.com/images/I/51UUSrd12eL._AC_SX444_SY639_QL65_.jpg,,$84.50,False,True,False
B07BHDQPD9,"Huawei P20 Lite 64GB Sakura Pink, Dual Sim, 5.84” inch, 4GB Ram, (GSM Only, No CDMA) Unlocked International Model, No Warranty",$159.00,,USD,4.1,6323,https://www.amazon.com/dp/B07BHDQPD9,https://m.media-amazon.com/images/I/81G9l3cn-uL._AC_SX444_SY639_QL65_.jpg,,$159.00,False,True,False
B08VLMQ3KS,"Samsung Galaxy S21 5G, US Version, 128GB, Phantom Gray - Unlocked (Renewed)",$233.00,$447.98,USD,3.9,3456,https://www.amazon.com/dp/B08VLMQ3KS,https://m.media-amazon.com/images/I/61jYjeuNUnL._AC_SX444_SY639_QL65_.jpg,,$233.00,False,False,True
B07P5ZZH8D,"Apple iPhone XR, US Version, 64GB, Blue - Unlocked (Renewed)",$241.00,,USD,4.5,60716,https://www.amazon.com/dp/B07P5ZZH8D,https://m.media-amazon.com/images/I/61FAlH3md+L._AC_SX444_SY639_QL65_.jpg,,$241.00,False,True,True
B09X8WR3TX,Samsung Galaxy A03 Core A032M Dual SIM GSM Unlocked Android Smartphone (Latin America Variant/US Compatible LTE) - Black,$90.99,,USD,4.3,62,https://www.amazon.com/dp/B09X8WR3TX,https://m.media-amazon.com/images/I/61EYfTYzWML._AC_SX444_SY639_QL65_.jpg,,$90.99,False,True,False
B0BZHYZ6ND,Xiaomi Redmi Note 12 4G LTE (128GB + 4GB) Global Unlocked 6.67&quot; 50MP Triple (ONLY T-Moble/Tello/Mint USA Market) + (w/ 33W Fast Car Dual Charger Bundle) (Mint Green Global + 33W Car Charger),$156.95,,USD,4.6,2963,https://www.amazon.com/dp/B0BZHYZ6ND,https://m.media-amazon.com/images/I/61brUtKPajL._AC_SX444_SY639_QL65_.jpg,,$156.95,False,True,False
B0C3JX1BPT,SAMSUNG Galaxy A54 5G + 4G LTE (128GB + 8GB) Unlocked Dual Sim (Only T-Mobile/Mint/Metro USA Market) 1 Year Latin America 6.4&quot; 120Hz 50MP Triple Cam (Awesome Graphite SM-A546E/DS),$324.69,,USD,3.8,22,https://www.amazon.com/dp/B0C3JX1BPT,https://m.media-amazon.com/images/I/618GdXB6JlL._AC_SX444_SY639_QL65_.jpg,,$324.69,False,True,False
B0BNLYNXNZ,"SAMSUNG Galaxy A04 (SM-A045F/DS) Dual SIM 64GB/ 4GB, 6.5&quot; GSM Unlocked, International Version (32GB SD Card Bundle) - Copper",$110.00,,USD,4,15,https://www.amazon.com/dp/B0BNLYNXNZ,https://m.media-amazon.com/images/I/71knp2jPSBL._AC_SX444_SY639_QL65_.jpg,,$110.00,False,True,False
B08Y7ZQQ81,"Samsung Galaxy S20 FE 5G (128GB, 6GB) 6.5&quot; AMOLED, Snapdragon 865, IP68 Water Resistant, 5G Volte Fully Unlocked (T-Mobile, Verizon, Sprint, AT&amp;T) G781U (Cloud Navy)(Renewed)",$198.00,$369.95,USD,4.1,940,https://www.amazon.com/dp/B08Y7ZQQ81,https://m.media-amazon.com/images/I/61WeLSi+UiL._AC_SX444_SY639_QL65_.jpg,,$198.00,False,False,True
B08BX6WZW1,"Samsung Galaxy S20 5G, 128GB, Cosmic Gray - Verizon (Renewed)",$188.00,$471.89,USD,4.1,5628,https://www.amazon.com/dp/B08BX6WZW1,https://m.media-amazon.com/images/I/61XsDK3-1hL._AC_SX444_SY639_QL65_.jpg,,$188.00,False,False,True
B0BBBHY12C,"SAMSUNG Galaxy Z Flip 4 Cell Phone, Factory Unlocked Android Smartphone, 128GB, Flex Mode, Hands Free Camera, Compact, Foldable Design, Informative Cover Screen, US Version, Graphite (Renewed)",$429.99,$799.97,USD,3.6,28,https://www.amazon.com/dp/B0BBBHY12C,https://m.media-amazon.com/images/I/615OWfMpgBL._AC_SX444_SY639_QL65_.jpg,,$429.99,False,False,True
B07PV68K73,SAMSUNG Galaxy A50 A505G 64GB Duos GSM Unlocked Phone w/Triple 25MP Camera - Black,$299.99,,USD,4.2,1546,https://www.amazon.com/dp/B07PV68K73,https://m.media-amazon.com/images/I/71Ly8dZuEAL._AC_SX444_SY639_QL65_.jpg,,$299.99,False,True,True
B09SHJGLNN,"Samsung Galaxy S21 FE 5G Cell Phone, Factory Unlocked Android Smartphone, 128GB, 120Hz Display, Pro Grade Camera, All Day Intelligent Battery, US Version, Graphite (Renewed)",$261.99,$499.99,USD,4.2,761,https://www.amazon.com/dp/B09SHJGLNN,https://m.media-amazon.com/images/I/61CJQoz1-sL._AC_SX444_SY639_QL65_.jpg,,$261.99,False,False,True
B09HWFFLJG,"SAMSUNG Galaxy A52 A526U 5G, T-Mobile Locked Smartphone, Android Cell Phone, Water Resistant, 64MP Camera, US Version, 128GB, Black - (Renewed)",$175.00,,USD,4.1,53,https://www.amazon.com/dp/B09HWFFLJG,https://m.media-amazon.com/images/I/41cglM3UHdL._AC_SX444_SY639_QL65_.jpg,,$175.00,False,True,True
B00X8XAW7C,"Apple iPad Air 16GB Unlocked GSM 4G LTE Tablet, Space Gray (Renewed)",$199.99,,USD,4.1,57,https://www.amazon.com/dp/B00X8XAW7C,https://m.media-amazon.com/images/I/614vKAkHIrL._AC_SX444_SY639_QL65_.jpg,,$199.99,False,False,True
B0BX4MQH3G,Xiaomi Redmi Note 12 4G LTE (128GB + 4GB) Global Unlocked 6.67&quot; 50MP Triple (ONLY T-Moble/Tello/Mint USA Market) + (w/ 33W Fast Car Dual Charger Bundle) (Onyx Gray Global + 33W Car Charger),$151.99,,USD,4.6,2963,https://www.amazon.com/dp/B0BX4MQH3G,https://m.media-amazon.com/images/I/51fAmmSJcUL._AC_SX444_SY639_QL65_.jpg,,$151.99,False,True,False
B0BRHMW7NP,Samsung - Galaxy A53 5G 128GB - Awesome Black (Verizon) (Renewed),$179.95,$189.99,USD,,0,https://www.amazon.com/dp/B0BRHMW7NP,https://m.media-amazon.com/images/I/919UIBr7WeL._AC_SX444_SY639_QL65_.jpg,,$179.95,False,False,False
B077578W38,"Apple iPhone X, US Version, 64GB, Space Gray - Fully Unlocked (Renewed)",$225.00,,USD,4.2,23660,https://www.amazon.com/dp/B077578W38,https://m.media-amazon.com/images/I/61gVPTl5N3L._AC_SX444_SY639_QL65_.jpg,,$225.00,False,True,True
B09644SVWZ,"Samsung Galaxy S21+ Plus G996U | Android Cell Phone | US Version 5G Smartphone | Pro-Grade Camera, 8K Video, 64MP High Res | 128GB, T-Mobile Locked, Phantom Black - (Renewed)",$257.50,,USD,4.3,379,https://www.amazon.com/dp/B09644SVWZ,https://m.media-amazon.com/images/I/61-QMCHyUES._AC_SX444_SY639_QL65_.jpg,,$257.50,False,False,True
B0B3BKNKRW,"SAMSUNG Galaxy S22 Ultra Smartphone, Android Cell Phone, 128GB, 8K Camera &amp; Video, Brightest Display, S Pen, Long Battery Life, Fast 4nm Processor - T-Mobile (Renewed) (Phantom Black)",$551.83,$699.95,USD,4.1,110,https://www.amazon.com/dp/B0B3BKNKRW,https://m.media-amazon.com/images/I/61SvitSvKfL._AC_SX444_SY639_QL65_.jpg,,$551.83,False,False,True
B0BPN14LQG,"SAMSUNG Galaxy A23 5G A Series Cell Phone, Factory Unlocked Android Smartphone, 64GB, Wide Lens Camera, 6.6” Infinite Display Screen, Long Battery Life, US Version, 2022, Black (Renewed)",$177.99,$299.99,USD,4.2,33,https://www.amazon.com/dp/B0BPN14LQG,https://m.media-amazon.com/images/I/81AR3K-lOFL._AC_SX444_SY639_QL65_.jpg,,$177.99,False,False,True
B0BDY59V1G,"Apple iPhone SE 3rd Gen, 64GB, RED - Unlocked (Renewed Premium)",$280.00,,USD,4.4,729,https://www.amazon.com/dp/B0BDY59V1G,https://m.media-amazon.com/images/I/61A0Zu4K-TL._AC_SX444_SY639_QL65_.jpg,,$280.00,False,False,True
B078T23Q22,Huawei Mate 10 Porsche Design Factory Unlocked 256GB Android Smartphone Diamond Black,$699.99,,USD,4.4,844,https://www.amazon.com/dp/B078T23Q22,https://m.media-amazon.com/images/I/81mXoVNMqOL._AC_SX444_SY639_QL65_.jpg,,$699.99,False,True,False
B0BNLYNXNZ,"SAMSUNG Galaxy A04 (SM-A045F/DS) Dual SIM 64GB/ 4GB, 6.5&quot; GSM Unlocked, International Version (32GB SD Card Bundle) - Copper",$110.00,,USD,4,15,https://www.amazon.com/dp/B0BNLYNXNZ,https://m.media-amazon.com/images/I/71knp2jPSBL._AC_SX444_SY639_QL65_.jpg,,$110.00,False,True,False
B08WHKF6RJ,"Samsung Galaxy S21+ 5G, US Version, 128GB, Phantom Black - Unlocked (Renewed)",$267.00,$279.99,USD,4.1,1199,https://www.amazon.com/dp/B08WHKF6RJ,https://m.media-amazon.com/images/I/61-QMCHyUES._AC_SX444_SY639_QL65_.jpg,,$267.00,False,False,True
B07VNP3ZCS,"Samsung Galaxy S8, 5.8&quot; 64GB (Verizon Wireless) - Midnight Black (Renewed)",$139.00,$149.99,USD,4,142,https://www.amazon.com/dp/B07VNP3ZCS,https://m.media-amazon.com/images/I/81qGRc74iVL._AC_SX444_SY639_QL65_.jpg,,$139.00,False,False,True
B09XRBXXKZ,"SAMSUNG Galaxy S22 Ultra Smartphone, Factory Unlocked Android Cell Phone, 256GB, 8K Camera &amp; Video, Brightest Display, S Pen, Long Battery Life, Fast 4nm Processor, US Version, Green (Renewed)",$680.00,$849.99,USD,4.3,470,https://www.amazon.com/dp/B09XRBXXKZ,https://m.media-amazon.com/images/I/61BMTw-P1nL._AC_SX444_SY639_QL65_.jpg,,$680.00,False,False,True
B07J2Q68N4,Samsung Galaxy S9 G960U Verizon + GSM Unlocked 64GB (Midnight Black),$199.98,$239.00,USD,4.1,177,https://www.amazon.com/dp/B07J2Q68N4,https://m.media-amazon.com/images/I/61J+8aMNXqL._AC_SX444_SY639_QL65_.jpg,,$199.98,False,True,False
B093CF545M,"Samsung Galaxy S21+ Plus 5G G996U Android Cell Phone | US Version 5G Smartphone | Pro-Grade Camera, 8K Video, 64MP High Res | 128GB, AT&amp;T Locked - (Renewed)",$260.65,,USD,4.1,57,https://www.amazon.com/dp/B093CF545M,https://m.media-amazon.com/images/I/61-QMCHyUES._AC_SX444_SY639_QL65_.jpg,,$260.65,False,False,True
B0BLP25C33,"SAMSUNG Galaxy S23 Cell Phone, Factory Unlocked Android Smartphone, 128GB, 50MP Camera, Night Mode, Long Battery Life, Adaptive Display, US Version, 2023, Green",$799.99,,USD,4.5,78,https://www.amazon.com/dp/B0BLP25C33,https://m.media-amazon.com/images/I/71Tt0M+HClL._AC_SX444_SY639_QL65_.jpg,,$799.99,False,True,False
B093CF545M,"Samsung Galaxy S21+ Plus 5G G996U Android Cell Phone | US Version 5G Smartphone | Pro-Grade Camera, 8K Video, 64MP High Res | 128GB, AT&amp;T Locked - (Renewed)",$260.65,,USD,4.1,57,https://www.amazon.com/dp/B093CF545M,https://m.media-amazon.com/images/I/61-QMCHyUES._AC_SX444_SY639_QL65_.jpg,,$260.65,False,False,True
B08PNN2SKF,"Apple iPhone 12 Mini, 64GB, Blue - Unlocked (Renewed)",$309.00,,USD,4.2,7426,https://www.amazon.com/dp/B08PNN2SKF,https://m.media-amazon.com/images/I/7135f9dGtqL._AC_SX444_SY639_QL65_.jpg,,$309.00,False,False,True
B08H7RJLM2,"Samsung Galaxy S20 Ultra, 128GB, Cosmic Gray - Fully Unlocked (Renewed)",$315.00,,USD,4.1,3591,https://www.amazon.com/dp/B08H7RJLM2,https://m.media-amazon.com/images/I/61i9rG1L94S._AC_SX444_SY639_QL65_.jpg,,$315.00,False,False,True
B0C5S83319,"SAMSUNG Galaxy S23 5G (128GB, 8GB) 6.1&quot; AMOLED 2X, 50MP Camera, Global Volte (Fully Unlocked for AT&amp;T, Verizon, T-Mobile, Global) S911U (w/ 25W Super Fast Charger, Phantom Black) (Renewed)",$542.19,$629.99,USD,3.9,21,https://www.amazon.com/dp/B0C5S83319,https://m.media-amazon.com/images/I/5188kBwt-9L._AC_SX444_SY639_QL65_.jpg,,$542.19,False,False,True
B0BT8GZV65,Xiaomi Poco X5 PRO 5G + 4G Volte Global Unlocked 256GB + 8GB GSM 6.67&quot; 108 mp Triple Camera (ONLY Tmobile Mint Tello USA Market) + (Car Fast Car 51W Charger Bundle) (Black),$298.50,$314.99,USD,4.7,4854,https://www.amazon.com/dp/B0BT8GZV65,https://m.media-amazon.com/images/I/71BJz1Hyz6L._AC_SX444_SY639_QL65_.jpg,,$298.50,False,True,False
B09JF5ZHQS,"Apple iPhone 12 Pro, 128GB, Graphite - Unlocked (Renewed Premium)",$645.74,,USD,4.4,183,https://www.amazon.com/dp/B09JF5ZHQS,https://m.media-amazon.com/images/I/71WrL1PJ27L._AC_SX444_SY639_QL65_.jpg,,$645.74,False,True,True
B0BH4GFPCZ,"SAMSUNG Galaxy A04 (SM-A045F/DS) Dual SIM,32GB + 3GB, Factory Unlocked GSM, International Version (Fast Car Charger Bundle) - No Warranty - (Black)",$99.00,,USD,3.9,4,https://www.amazon.com/dp/B0BH4GFPCZ,https://m.media-amazon.com/images/I/81JUZpUBL3L._AC_SX444_SY639_QL65_.jpg,,$99.00,False,True,False
B092CFG6MN,"Samsung Galaxy S21 5G (128GB, 8GB) 6.2&quot; AMOLED 120Hz, Snapdragon 888, Global 5G Volte Fully Unlocked (AT&amp;T, Verizon, T-Mobile, Global) G991U1 (w/ 25W Charge Cube &amp; Fast Wireless Charger, Gray)",$447.98,,USD,4.2,169,https://www.amazon.com/dp/B092CFG6MN,https://m.media-amazon.com/images/I/51SUZRmZzOL._AC_SX444_SY639_QL65_.jpg,,$447.98,False,True,False
B09B16YSL5,"Samsung Galaxy A32 5G (64GB, 4GB) 6.5&quot; 90Hz Display, 48MP Quad Camera, All Day Battery, 4G Volte GSM Unlocked (T-Mobile, Metro, AT&amp;T, Global) International Model A326W (Awesome Black) (Renewed)",$152.31,$299.00,USD,4.1,36,https://www.amazon.com/dp/B09B16YSL5,https://m.media-amazon.com/images/I/81MPKKmGnJL._AC_SX444_SY639_QL65_.jpg,,$152.31,False,False,True
B09G9FMPT1,"Apple iPhone 13 Mini (512GB, Pink) [Locked] + Carrier Subscription","$1,029.00",,USD,,0,https://www.amazon.com/dp/B09G9FMPT1,https://m.media-amazon.com/images/I/61F7c4q8TNL._AC_SX444_SY639_QL65_.jpg,,"$1,029.00",False,True,True
B0BV62NHHM,"Samsung Galaxy S23 5G (SM-S911B/DS) Dual SIM 256GB ROM 8GB RAM, GSM Unlocked International Version Mobile Cell Phone - Green",$664.50,$717.50,USD,4,19,https://www.amazon.com/dp/B0BV62NHHM,https://m.media-amazon.com/images/I/51xj0EFyXHL._AC_SX444_SY639_QL65_.jpg,,$664.50,False,True,False
B088XZFKJ5,Samsung Galaxy A20 32GB 6.4&quot; Display A205U Black Unlocked Smartphone (Renewed),$119.00,$159.72,USD,4,559,https://www.amazon.com/dp/B088XZFKJ5,https://m.media-amazon.com/images/I/71Ro1L149cL._AC_SX444_SY639_QL65_.jpg,,$119.00,False,True,True
B09DRHTSYZ,"Samsung Galaxy S10E 128GB 5.8&quot; 4G LTE Fully Unlocked, Black (Renewed)",$140.97,,USD,4.2,663,https://www.amazon.com/dp/B09DRHTSYZ,https://m.media-amazon.com/images/I/71bK3oKRCOL._AC_SX444_SY639_QL65_.jpg,,$140.97,False,False,True
B0933GDLZZ,"Samsung Galaxy S21 5G, US Version, 128GB, Purple - Unlocked (Renewed)",$242.99,,USD,4.2,960,https://www.amazon.com/dp/B0933GDLZZ,https://m.media-amazon.com/images/I/61uhL-Bb4xL._AC_SX444_SY639_QL65_.jpg,,$242.99,False,False,True
B00IZ1XJ3Q,"Samsung Galaxy S5, White 16GB (AT&amp;T)",,,,4.1,5058,https://www.amazon.com/dp/B00IZ1XJ3Q,https://m.media-amazon.com/images/I/81QkTkPTSvL._AC_SX444_SY639_QL65_.jpg,,,False,False,False
B07K4VCLLK,"Apple iPhone XS, 64GB, Silver - Unlocked (Renewed)",$242.00,,USD,4.3,2314,https://www.amazon.com/dp/B07K4VCLLK,https://m.media-amazon.com/images/I/712UW1cx7yL._AC_SX444_SY639_QL65_.jpg,,$242.00,False,True,True
B0BCXG8GQ5,SAMSUNG Galaxy S21 FE 5G 128GB Graphite-Verizon (Renewed),$244.00,,USD,4.2,9,https://www.amazon.com/dp/B0BCXG8GQ5,https://m.media-amazon.com/images/I/61A-6AXN7zL._AC_SX444_SY639_QL65_.jpg,,$244.00,False,True,True
B093CB2R6L,Samsung Galaxy S21 5G 128GB GRAY Verizon Locked,$252.00,,USD,4.1,335,https://www.amazon.com/dp/B093CB2R6L,https://m.media-amazon.com/images/I/41L42H6PJpL._AC_SX410_SY591_QL65_.jpg,,$252.00,False,True,True
B0964HYGR1,"Samsung Galaxy S20 FE 5G (128GB, 6GB) 6.5&quot; AMOLED, Snapdragon 865, IP68 Water Resistant, 5G Volte AT&amp;T Unlocked (T-Mobile, Verizon, Sprint, Metro) G781U (Cloud Lavender)",$359.99,$499.99,USD,4.1,245,https://www.amazon.com/dp/B0964HYGR1,https://m.media-amazon.com/images/I/61rcj0ahzVS._AC_SX444_SY639_QL65_.jpg,,$359.99,False,True,False
B08B8JSG95,Samsung Galaxy A51 LTE Verizon | 6.5&quot; AMOLED Screen | 128GB of Storage | Long Lasting Battery | Single SIM | 2020 Model | US Version &amp; Warranty| Black - (SM-A515UZKNVZW),$274.99,,USD,4.1,84,https://www.amazon.com/dp/B08B8JSG95,https://m.media-amazon.com/images/I/51ZVmvdgnZL._AC_SX444_SY639_QL65_.jpg,,$274.99,False,True,True
B0B1QZ58H9,"Samsung Galaxy S21 FE 5G Cell Phone, Factory Unlocked Android Smartphone, 128GB, 120Hz Display, Pro Grade Camera, All Day Intelligent Battery, (Olive Green) (Renewed)",$299.99,$589.97,USD,4.4,60,https://www.amazon.com/dp/B0B1QZ58H9,https://m.media-amazon.com/images/I/613E1mUGLEL._AC_SX444_SY639_QL65_.jpg,,$299.99,False,False,True
B0B4FBC3T7,"Samsung Galaxy A13 5G (64GB, 4GB) 6.5&quot; HD+, 50MP Triple Camera, 5000mAh Battery, 5G / 4G Volte (GSM Unlocked for AT&amp;T, T-Mobile, Global) A136U (w/ 64GB SD, Black)",$154.99,,USD,3.7,33,https://www.amazon.com/dp/B0B4FBC3T7,https://m.media-amazon.com/images/I/61xhaqnlKPL._AC_SX444_SY639_QL65_.jpg,,$154.99,False,False,False
B08P278JG3,Samsung Galaxy A51 5G | A516U | 128GB | Single SIM | GSM Unlocked | Android Smartphone | Black (Renewed),$159.99,,USD,3.9,418,https://www.amazon.com/dp/B08P278JG3,https://m.media-amazon.com/images/I/71hH4loo+hL._AC_SX444_SY639_QL65_.jpg,,$159.99,False,False,True
B0C6FNQWYQ,"SAMSUNG Galaxy A34 5G Dual SIM (256GB, 8GB) 6.6&quot; 120Hz AMOLED, Octa-Core, 48MP Triple Camera, 4G Volte (GSM Unlocked for T-Mobile, Metro, Global) International Model A346M/DSN (w/ 256GB SD, Graphite)",$290.50,,USD,4.1,6,https://www.amazon.com/dp/B0C6FNQWYQ,https://m.media-amazon.com/images/I/51AnFsHzArL._AC_SX444_SY639_QL65_.jpg,,$290.50,False,True,False
B09KX433GB,Samsung Galaxy A12 32GB A125U 6.5&quot; Display Quad Camera Android Smartphone - Black (Renewed) (AT&amp;T Locked),$128.00,,USD,4.5,23,https://www.amazon.com/dp/B09KX433GB,https://m.media-amazon.com/images/I/81t8kQP6OQL._AC_SX444_SY639_QL65_.jpg,,$128.00,False,False,True
B083JN4KJX,Samsung Galaxy A10E SM-A102U 32GB T-Mobile Android Smartphone (Renewed),$78.00,,USD,4,157,https://www.amazon.com/dp/B083JN4KJX,https://m.media-amazon.com/images/I/71ZZtb5maFL._AC_SX444_SY639_QL65_.jpg,,$78.00,False,False,True
B09W382BTT,"SAMSUNG Galaxy A23 (SM-A235M/DS) Dual SIM,64 GB 4GB RAM, Factory Unlocked GSM, International Version - No Warranty - (Blue)",,,,4.2,523,https://www.amazon.com/dp/B09W382BTT,https://m.media-amazon.com/images/I/81kCC0k1-gL._AC_SX444_SY639_QL65_.jpg,,,False,False,False
B0B3T9LFZQ,"SAMSUNG Galaxy Z Flip 4 Cell Phone, Factory Unlocked Android Smartphone, 128GB, Flex Mode, Hands Free Camera, Compact, Foldable Design, Informative Cover Screen, US Version, 2022, Bora Purple",$999.99,,USD,4.1,76,https://www.amazon.com/dp/B0B3T9LFZQ,https://m.media-amazon.com/images/I/517PxzJ-fUL._AC_SX444_SY639_QL65_.jpg,,$999.99,False,True,True
B0BJQQ8FNK,"SAMSUNG Galaxy S21 Ultra 5G (128GB, 12GB) 6.8&#x27;&#x27; AMOLED 2X, 108MP Camera, Volte (Fully Unlocked for AT&amp;T, Verizon, T-Mobile, Global) G998U1 (w/Wireless Charging Pad, Phantom Black) (Renewed)",$419.99,,USD,3.4,19,https://www.amazon.com/dp/B0BJQQ8FNK,https://m.media-amazon.com/images/I/61lUsC53iML._AC_SX444_SY639_QL65_.jpg,,$419.99,False,False,True
B08XLYY4TW,"Samsung Galaxy S21 5G, US Version, 128GB, Phantom White - Unlocked (Renewed)",$228.00,$245.99,USD,4,832,https://www.amazon.com/dp/B08XLYY4TW,https://m.media-amazon.com/images/I/611+x6xsVAL._AC_SX444_SY639_QL65_.jpg,,$228.00,False,False,True
B07LB928X9,"Apple iPhone 7 32GB 3G AT&amp;T iOS Locked, Black (Refurbished)",$114.89,,USD,4.3,17,https://www.amazon.com/dp/B07LB928X9,https://m.media-amazon.com/images/I/71zS2kpKd9L._AC_SX444_SY639_QL65_.jpg,,$114.89,False,False,True
B07D4S6KF6,Samsung Galaxy S9 - GSM Unlocked Smartphone - Midnight Black,$212.87,$260.69,USD,4.3,171,https://www.amazon.com/dp/B07D4S6KF6,https://m.media-amazon.com/images/I/616sdK81NnL._AC_SX444_SY639_QL65_.jpg,,$212.87,False,True,False
B09MDMXT52,"Samsung Galaxy S21 5G Verizon + GSM Unlocked 128GB, Phantom Gray (Renewed)",$245.00,,USD,3.8,45,https://www.amazon.com/dp/B09MDMXT52,https://m.media-amazon.com/images/I/412zQIW5DuL._AC_SX410_SY591_QL65_.jpg,,$245.00,False,False,True
B092SPMKG6,"SAMSUNG Galaxy S21+ Plus G996U 5G | Factory Unlocked Android Cell Phone | US Version 5G Smartphone | Pro-Grade Camera, 8K Video, 64MP High Res | 256GB, Phantom Black - (Renewed)",$353.99,,USD,4.3,92,https://www.amazon.com/dp/B092SPMKG6,https://m.media-amazon.com/images/I/41U+XiNQylL._AC_SX407_SY586_QL65_.jpg,,$353.99,False,False,True
B0BDPKZF4B,Samsung Galaxy S21 FE 5G SM-G990U 128GB AT&amp;T (Renewed) (Graphite),$234.99,$359.99,USD,5,11,https://www.amazon.com/dp/B0BDPKZF4B,https://m.media-amazon.com/images/I/61CJQoz1-sL._AC_SX444_SY639_QL65_.jpg,,$234.99,False,False,True
B09478ZVHT,Samsung Galaxy A71 5G A716U | 6.7&quot; AMOLED Screen |128GB of Storage | Long Lasting Battery | Single SIM | 2020 Model | Black - AT&amp;T Locked (Renewed),$199.00,,USD,3.8,44,https://www.amazon.com/dp/B09478ZVHT,https://m.media-amazon.com/images/I/61Yu0q9ok9L._AC_SX444_SY639_QL65_.jpg,,$199.00,False,False,True
B0BYLRB3RN,Xiaomi Redmi Note 12 Pro+ Plus 5G (256GB + 8GB) Factory Unlocked 6.67&quot; 200MP Triple Camera (Tmobile Mint Tello Global) + Extra (w/Fast Car Charger Bundle) (Midnight Black (Global)),$337.99,,USD,4.2,138,https://www.amazon.com/dp/B0BYLRB3RN,https://m.media-amazon.com/images/I/71Ojg1P2E5L._AC_SX444_SY639_QL65_.jpg,,$337.99,False,True,False
B079X8DBQQ,Samsung Galaxy S9 64GB Unlocked GSM 4G LTE Phone w/ 12MP Camera (International Variant/US Compatible LTE) - Lilac Purple,$329.99,,USD,4,281,https://www.amazon.com/dp/B079X8DBQQ,https://m.media-amazon.com/images/I/41iTGxgm0EL._AC_SX444_SY639_QL65_.jpg,,$329.99,False,True,False
B09ZL6GCB5,Xiaomi Redmi 10 2022 4G LTE (128GB + 4GB) LTE GSM Factory Unlocked 6.5&quot; 50MP Quad Camera (Not Verizon Sprint Boost Tmobile At&amp;T Cricket) + Fast Car Charger Bundle (Carbon Gray),$126.50,,USD,4.4,1105,https://www.amazon.com/dp/B09ZL6GCB5,https://m.media-amazon.com/images/I/51t3OYBe6bL._AC_SX444_SY639_QL65_.jpg,,$126.50,False,True,False
B09G5ZKCXY,"SAMSUNG Galaxy Z Flip 3 5G Factory Unlocked Android Cell Phone US Version Smartphone Flex Mode Intuitive Camera Compact 256GB Storage US Warranty, Phantom Black (Renewed)",$373.11,$469.99,USD,4.2,618,https://www.amazon.com/dp/B09G5ZKCXY,https://m.media-amazon.com/images/I/71NKRXSR3XL._AC_SX444_SY639_QL65_.jpg,,$373.11,False,False,True
B093275JHT,Samsung Galaxy A71 (5G) 128GB (6.7 inch) Display Quad Camera 64MP A716U Smartphone - Black - T-Mobile Locked - (Renewed),$186.67,,USD,4.2,367,https://www.amazon.com/dp/B093275JHT,https://m.media-amazon.com/images/I/61ZB-7WLw9L._AC_SX444_SY639_QL65_.jpg,,$186.67,False,False,True
B09XP9FX25,"Samsung Galaxy A53 5G A Series Cell Phone, Factory Unlocked Android Smartphone, 128GB, 6.5” FHD Super AMOLED Screen, Long Battery Life, US Version, Black (Renewed)",$219.65,$418.00,USD,4,178,https://www.amazon.com/dp/B09XP9FX25,https://m.media-amazon.com/images/I/61uAwNHHgaL._AC_SX444_SY639_QL65_.jpg,,$219.65,False,False,True
B07KNB1TN8,"Samsung Galaxy Note 9, 128GB, Midnight Black - Unlocked (Renewed)",$182.22,,USD,4.2,2803,https://www.amazon.com/dp/B07KNB1TN8,https://m.media-amazon.com/images/I/61MgwGYt3ES._AC_SX444_SY639_QL65_.jpg,,$182.22,False,False,True
B0C2JQ4JD2,SAMSUNG Galaxy A34 5G + 4G LTE Latin American Version (256GB + 8GB) Unlocked Worldwide (Only T-Mobile/Mint/Metro USA Market) 6.6&quot; 120Hz 48MP Triple Camera - (Black),$273.50,,USD,4.5,46,https://www.amazon.com/dp/B0C2JQ4JD2,https://m.media-amazon.com/images/I/51pgNevY25L._AC_SX444_SY639_QL65_.jpg,,$273.50,False,True,False
B08X2MS5SC,"Samsung Galaxy S21 5G, US Version, 128GB, Phantom Pink - Unlocked (Renewed)",$232.90,$247.00,USD,4.2,566,https://www.amazon.com/dp/B08X2MS5SC,https://m.media-amazon.com/images/I/61YgX12EuXL._AC_SX444_SY639_QL65_.jpg,,$232.90,False,False,True
B09VCPMX4X,"Samsung Galaxy S22 Ultra 5G (SM-S908E/DS) Dual SIM 256GB/ 12GB RAM, GSM Unlocked International Version - Phantom Black",$822.50,,USD,4.4,36,https://www.amazon.com/dp/B09VCPMX4X,https://m.media-amazon.com/images/I/51TvHHYAK+L._AC_SX444_SY639_QL65_.jpg,,$822.50,False,True,False
B0BV7J3KGX,"SAMSUNG Galaxy S23 Ultra 5G S9180 Dual 512GB 12GB RAM, 200 MP Camera, Factory Unlocked, NGP Wireless Charger Included– Green","$1,059.98","$1,199.00",USD,3.7,23,https://www.amazon.com/dp/B0BV7J3KGX,https://m.media-amazon.com/images/I/51mH1rGI3lL._AC_SX444_SY639_QL65_.jpg,,"$1,059.98",False,False,False
B07ZVD93VB,HUAWEI Y9 Prime 2019 STK-LX3 Smartphone 4G 128G Kirin 710 Octa core Auto Pop-Up Triple AI Camera 6.59 inch 4000 mAh Android 9.0(Night Black),$199.05,,USD,,0,https://www.amazon.com/dp/B07ZVD93VB,https://m.media-amazon.com/images/I/41+GOetO65L._AC_SX348_SY500_QL65_.jpg,,$199.05,False,True,False
B08H8DG88R,Samsung - Galaxy A71 A716U 5G Fully Unlocked 128GB - Prism Cube Black (Renewed),$189.95,,USD,4.1,772,https://www.amazon.com/dp/B08H8DG88R,https://m.media-amazon.com/images/I/81F-HsLHt9L._AC_SX444_SY639_QL65_.jpg,,$189.95,False,False,True
B096T56NRH,"SAMSUNG Galaxy S21 Ultra G998U 5G | Fully Unlocked Android Smartphone | US Version | Pro-Grade Camera, 8K Video, 108MP High Resolution | 256GB - Phantom Black (Renewed)",$405.00,$454.99,USD,4.3,555,https://www.amazon.com/dp/B096T56NRH,https://m.media-amazon.com/images/I/61dlAm9BpqL._AC_SX444_SY639_QL65_.jpg,,$405.00,False,False,True
B0932D7ZG4,Samsung Galaxy S21 5G G991U 128GB Smartphone - T-Mobile Locked - (Renewed),$247.00,,USD,4.2,643,https://www.amazon.com/dp/B0932D7ZG4,https://m.media-amazon.com/images/I/61YgX12EuXL._AC_SX444_SY639_QL65_.jpg,,$247.00,False,False,True
B08HL64JS8,Samsung Galaxy Note 20 Ultra 128GB Unlocked Android Smartphone - Mystic Black (Renewed),$409.99,$469.99,USD,4.1,3198,https://www.amazon.com/dp/B08HL64JS8,https://m.media-amazon.com/images/I/51UG-WVTAOL._AC_SX444_SY639_QL65_.jpg,,$409.99,False,True,True
B00S1LRY54,Samsung Galaxy Tab S 10.5in 16gb SSD WiFi Titanium Bronze (Renewed),$209.00,,USD,4.1,350,https://www.amazon.com/dp/B00S1LRY54,https://m.media-amazon.com/images/I/71ALo4y6PwL._AC_SX444_SY639_QL65_.jpg,,$209.00,False,True,True
B0CBSY2Q9P,"SAMSUNG Galaxy A32 5G (64GB, 4GB) 6.5&quot; 90Hz Display, 48MP Quad Camera, All Day Battery, 4G Volte (GSM Unlocked for T-Mobile, Metro, AT&amp;T, Global No Logo) US Model A326U1 (w/ 256GB SD, Awesome Black)",$160.99,$169.99,USD,5,5,https://www.amazon.com/dp/B0CBSY2Q9P,https://m.media-amazon.com/images/I/51qmYERXW4L._AC_SX399_SY575_QL65_.jpg,,$160.99,False,False,False
B0939K5M9Q,"Samsung Galaxy S21 Ultra | Factory Unlocked Android Cell Phone | US Version 5G Smartphone | Pro-Grade Camera, 8K Video, 108MP High Res | 128GB, Phantom Black (SM-G998UZKAXAA) (Renewed)",$377.00,,USD,4,1334,https://www.amazon.com/dp/B0939K5M9Q,https://m.media-amazon.com/images/I/71c4bP43zpL._AC_SX444_SY639_QL65_.jpg,,$377.00,False,True,True
B09V87YTC9,"SAMSUNG Galaxy A13 LTE Cell Phone, Factory Unlocked Android Smartphone, 32GB, Multi Lens Camera, Infinity-V HD+ Display Screen, Long Battery Life, Expandable Storage, US Version, Black",$169.72,,USD,4.2,294,https://www.amazon.com/dp/B09V87YTC9,https://m.media-amazon.com/images/I/61JfY-8odVL._AC_SX444_SY639_QL65_.jpg,,$169.72,False,True,False
B0BZHQVKVL,Xiaomi Redmi Note 12 Pro 5G + 4G (128GB + 6GB) Factory Unlocked 6.67&quot; 50MP Triple Camera (Only Tmobile/Metro/Mint USA Market) + Extra (w/Fast Car Charger Bundle) (Midnight Black),$239.99,,USD,4.6,97,https://www.amazon.com/dp/B0BZHQVKVL,https://m.media-amazon.com/images/I/612q979anfL._AC_SX444_SY639_QL65_.jpg,,$239.99,False,True,False
B07TWYLQM7,"Apple iPhone SE, 32GB Gray Unlocked 1st Gen 2016 ATT Tmobile",$99.00,,USD,3.3,48,https://www.amazon.com/dp/B07TWYLQM7,https://m.media-amazon.com/images/I/41C2R+ZqZkS._AC_SX444_SY639_QL65_.jpg,,$99.00,False,False,True
B08X2MS5SC,"Samsung Galaxy S21 5G, US Version, 128GB, Phantom Pink - Unlocked (Renewed)",$232.90,$247.00,USD,4.2,566,https://www.amazon.com/dp/B08X2MS5SC,https://m.media-amazon.com/images/I/61YgX12EuXL._AC_SX444_SY639_QL65_.jpg,,$232.90,False,False,True
B09VCPMX4X,"Samsung Galaxy S22 Ultra 5G (SM-S908E/DS) Dual SIM 256GB/ 12GB RAM, GSM Unlocked International Version - Phantom Black",$822.50,,USD,4.4,36,https://www.amazon.com/dp/B09VCPMX4X,https://m.media-amazon.com/images/I/51TvHHYAK+L._AC_SX444_SY639_QL65_.jpg,,$822.50,False,True,False
B0BV7J3KGX,"SAMSUNG Galaxy S23 Ultra 5G S9180 Dual 512GB 12GB RAM, 200 MP Camera, Factory Unlocked, NGP Wireless Charger Included– Green","$1,059.98","$1,199.00",USD,3.7,23,https://www.amazon.com/dp/B0BV7J3KGX,https://m.media-amazon.com/images/I/51mH1rGI3lL._AC_SX444_SY639_QL65_.jpg,,"$1,059.98",False,False,False
B07ZVD93VB,HUAWEI Y9 Prime 2019 STK-LX3 Smartphone 4G 128G Kirin 710 Octa core Auto Pop-Up Triple AI Camera 6.59 inch 4000 mAh Android 9.0(Night Black),$199.05,,USD,,0,https://www.amazon.com/dp/B07ZVD93VB,https://m.media-amazon.com/images/I/41+GOetO65L._AC_SX348_SY500_QL65_.jpg,,$199.05,False,True,False
B08H8DG88R,Samsung - Galaxy A71 A716U 5G Fully Unlocked 128GB - Prism Cube Black (Renewed),$189.95,,USD,4.1,772,https://www.amazon.com/dp/B08H8DG88R,https://m.media-amazon.com/images/I/81F-HsLHt9L._AC_SX444_SY639_QL65_.jpg,,$189.95,False,False,True
B076XLLCQC,"Samsung Galaxy Note 8, 64GB, Midnight Black - Fully Unlocked (Renewed)",$177.78,$358.97,USD,4.3,6922,https://www.amazon.com/dp/B076XLLCQC,https://m.media-amazon.com/images/I/615Y7qMu7lL._AC_SX444_SY639_QL65_.jpg,,$177.78,False,False,True
B0BJYW2J94,"SAMSUNG Galaxy A32 5G (SM-A326B/DS) Dual SIM 128GB /8GB RAM, GSM Unlocked, International Version - Awesome Black",$287.99,,USD,3.6,2,https://www.amazon.com/dp/B0BJYW2J94,https://m.media-amazon.com/images/I/61b5CIhRXfL._AC_SX444_SY639_QL65_.jpg,,$287.99,False,True,False
B096T56NRH,"SAMSUNG Galaxy S21 Ultra G998U 5G | Fully Unlocked Android Smartphone | US Version | Pro-Grade Camera, 8K Video, 108MP High Resolution | 256GB - Phantom Black (Renewed)",$405.00,$454.99,USD,4.3,555,https://www.amazon.com/dp/B096T56NRH,https://m.media-amazon.com/images/I/61dlAm9BpqL._AC_SX444_SY639_QL65_.jpg,,$405.00,False,False,True
B0932D7ZG4,Samsung Galaxy S21 5G G991U 128GB Smartphone - T-Mobile Locked - (Renewed),$247.00,,USD,4.2,643,https://www.amazon.com/dp/B0932D7ZG4,https://m.media-amazon.com/images/I/61YgX12EuXL._AC_SX444_SY639_QL65_.jpg,,$247.00,False,False,True
B08HL64JS8,Samsung Galaxy Note 20 Ultra 128GB Unlocked Android Smartphone - Mystic Black (Renewed),$409.99,$469.99,USD,4.1,3198,https://www.amazon.com/dp/B08HL64JS8,https://m.media-amazon.com/images/I/51UG-WVTAOL._AC_SX444_SY639_QL65_.jpg,,$409.99,False,True,True
B0CBSY2Q9P,"SAMSUNG Galaxy A32 5G (64GB, 4GB) 6.5&quot; 90Hz Display, 48MP Quad Camera, All Day Battery, 4G Volte (GSM Unlocked for T-Mobile, Metro, AT&amp;T, Global No Logo) US Model A326U1 (w/ 256GB SD, Awesome Black)",$160.99,$169.99,USD,5,5,https://www.amazon.com/dp/B0CBSY2Q9P,https://m.media-amazon.com/images/I/51qmYERXW4L._AC_SX399_SY575_QL65_.jpg,,$160.99,False,False,False
B0939K5M9Q,"Samsung Galaxy S21 Ultra | Factory Unlocked Android Cell Phone | US Version 5G Smartphone | Pro-Grade Camera, 8K Video, 108MP High Res | 128GB, Phantom Black (SM-G998UZKAXAA) (Renewed)",$377.00,,USD,4,1334,https://www.amazon.com/dp/B0939K5M9Q,https://m.media-amazon.com/images/I/71c4bP43zpL._AC_SX444_SY639_QL65_.jpg,,$377.00,False,True,True
B0CBSY2Q9P,"SAMSUNG Galaxy A32 5G (64GB, 4GB) 6.5&quot; 90Hz Display, 48MP Quad Camera, All Day Battery, 4G Volte (GSM Unlocked for T-Mobile, Metro, AT&amp;T, Global No Logo) US Model A326U1 (w/ 256GB SD, Awesome Black)",$160.99,$169.99,USD,5,5,https://www.amazon.com/dp/B0CBSY2Q9P,https://m.media-amazon.com/images/I/51qmYERXW4L._AC_SX399_SY575_QL65_.jpg,,$160.99,False,False,False
B0939K5M9Q,"Samsung Galaxy S21 Ultra | Factory Unlocked Android Cell Phone | US Version 5G Smartphone | Pro-Grade Camera, 8K Video, 108MP High Res | 128GB, Phantom Black (SM-G998UZKAXAA) (Renewed)",$377.00,,USD,4,1334,https://www.amazon.com/dp/B0939K5M9Q,https://m.media-amazon.com/images/I/71c4bP43zpL._AC_SX444_SY639_QL65_.jpg,,$377.00,False,True,True
B09V87YTC9,"SAMSUNG Galaxy A13 LTE Cell Phone, Factory Unlocked Android Smartphone, 32GB, Multi Lens Camera, Infinity-V HD+ Display Screen, Long Battery Life, Expandable Storage, US Version, Black",$169.72,,USD,4.2,294,https://www.amazon.com/dp/B09V87YTC9,https://m.media-amazon.com/images/I/61JfY-8odVL._AC_SX444_SY639_QL65_.jpg,,$169.72,False,True,False
B09478TZZY,"Samsung Galaxy S21 5G, US Version, 128GB, Phantom Violet for AT&amp;T (Renewed)",$245.89,$289.99,USD,3.8,35,https://www.amazon.com/dp/B09478TZZY,https://m.media-amazon.com/images/I/61uhL-Bb4xL._AC_SX444_SY639_QL65_.jpg,,$245.89,False,False,True
B08PQ5ZCNP,"SAMSUNG Galaxy A71 5G (128GB, 6GB) 6.7&quot; AMOLED+, Snapdragon 765G, 4500mAh Battery, Global 5G Volte GSM AT&amp;T Unlocked (T-Mobile, Metro, Straight Talk) A716U (Prism Cube Black)(Renewed)",$179.93,,USD,3.9,545,https://www.amazon.com/dp/B08PQ5ZCNP,https://m.media-amazon.com/images/I/61kx4uQ9c-L._AC_SX444_SY639_QL65_.jpg,,$179.93,False,False,True
B0B6D55TPN,SAMSUNG Galaxy S22 5G 256GB Factory Unlocked SM-S901U1 Phantom Black (Renewed),$499.99,,USD,4.2,310,https://www.amazon.com/dp/B0B6D55TPN,https://m.media-amazon.com/images/I/61kfOWlQLsL._AC_SX444_SY639_QL65_.jpg,,$499.99,False,True,True
B0B43W6V9P,"SAMSUNG Galaxy A13 (SM-A135F/DS) Dual SIM,128 GB 4GB RAM, Factory Unlocked GSM, International Version - No Warranty - (Black) (Renewed)",$143.97,$189.50,USD,3.9,120,https://www.amazon.com/dp/B0B43W6V9P,https://m.media-amazon.com/images/I/61xhaqnlKPL._AC_SX444_SY639_QL65_.jpg,,$143.97,False,False,True
B09W3YPMQ9,"Samsung Galaxy A23 (SM-A235M/DS) Dual SIM,128 GB 4GB RAM, Factory Unlocked GSM, International Version - No Warranty - (Black)",$215.00,,USD,4,243,https://www.amazon.com/dp/B09W3YPMQ9,https://m.media-amazon.com/images/I/71c5JWC+MDL._AC_SX444_SY639_QL65_.jpg,,$215.00,False,True,False
B08CH7RHDP,"Xiaomi Redmi 9A - Smartphone 2 GB + 32 GB, Dual Sim, Verde (Peacook Green)",$109.99,,USD,4.4,2654,https://www.amazon.com/dp/B08CH7RHDP,https://m.media-amazon.com/images/I/51liVatCv-L._AC_SX444_SY639_QL65_.jpg,,$109.99,False,True,False
B08H8DH3RM,"SAMSUNG Galaxy A51 128GB (6.5 inch) Display Quad Camera 48MP A515U Black Unlocked (Renewed), A51 128GB A515U",$147.00,,USD,4,1282,https://www.amazon.com/dp/B08H8DH3RM,https://m.media-amazon.com/images/I/61XoUEP4bSL._AC_SX444_SY639_QL65_.jpg,,$147.00,False,False,True
B09G525DHF,"SAMSUNG Galaxy Z Fold 3 5G Factory Unlocked Android Cell Phone US Version Smartphone Tablet 2-in-1 Foldable Dual Screen Under Display Camera 256GB Storage, Phantom Green (Renewed)",$649.00,"$1,099.99",USD,4.1,880,https://www.amazon.com/dp/B09G525DHF,https://m.media-amazon.com/images/I/51bTJtcE46L._AC_SX444_SY639_QL65_.jpg,,$649.00,False,True,True
B083R5T18R,"Huawei Y9s 6GB 128GB 6.59” Display, 48MP Triple AI Cameras Smartphone Auto Selfie Pop-Up Front Camera 4000mAh Battery Cellphone (Breathing Crystal)",$219.00,,USD,4.6,260,https://www.amazon.com/dp/B083R5T18R,https://m.media-amazon.com/images/I/51jSWXBgdvL._AC_SX444_SY639_QL65_.jpg,,$219.00,False,True,False
B097HSDZB9,"Samsung Electronics Galaxy S21 5G G991U | Android Cell Phone | US Version 5G Smartphone | Pro-Grade Camera, 8K Video, 64MP High Res | 256GB, Phantom Gray - Verizon Locked - (Renewed)",$294.00,,USD,4.1,14,https://www.amazon.com/dp/B097HSDZB9,https://m.media-amazon.com/images/I/41L42H6PJpL._AC_SX410_SY591_QL65_.jpg,,$294.00,False,False,True
B09LPB9SQH,"Apple iPhone 13 Pro, 128GB, Sierra Blue - Unlocked (Renewed)",$685.00,$729.00,USD,4.2,1215,https://www.amazon.com/dp/B09LPB9SQH,https://m.media-amazon.com/images/I/51UuPZLMaCL._AC_SX444_SY639_QL65_.jpg,,$685.00,False,False,True
B09LPB9SQH,"Apple iPhone 13 Pro, 128GB, Sierra Blue - Unlocked (Renewed)",$685.00,$729.00,USD,4.2,1215,https://www.amazon.com/dp/B09LPB9SQH,https://m.media-amazon.com/images/I/51UuPZLMaCL._AC_SX444_SY639_QL65_.jpg,,$685.00,False,False,True
B0B5F514PZ,"Samsung Galaxy A03 Core (SM-A032/DS) Dual SIM 32GB/ 2GB RAM, GSM Unlocked International Version - No Warranty - Black (Renewed)",$74.00,$87.60,USD,3.2,34,https://www.amazon.com/dp/B0B5F514PZ,https://m.media-amazon.com/images/I/61EYfTYzWML._AC_SX444_SY639_QL65_.jpg,,$74.00,False,True,True
B09SRNQ9QG,"Samsung Galaxy A12 (32GB, 3GB) 6.5&quot; HD+, Android 11, 5000mAh Battery, 4G Volte T-Mobile Unlocked A125U (w/ 64GB SD, Black)",$149.91,,USD,4.1,25,https://www.amazon.com/dp/B09SRNQ9QG,https://m.media-amazon.com/images/I/81t8kQP6OQL._AC_SX444_SY639_QL65_.jpg,,$149.91,False,True,False
B0BLQ7CJD4,"SAMSUNG Galaxy S22+ Plus 5G (128GB, 8GB) 6.6&quot; AMOLED, 50MP 4K Camera, Volte (Fully Unlocked for AT&amp;T, Verizon, T-Mobile, Global) S906U1 US Model (w/ 25W Super Fast Charge Cube, Phantom Black)",$659.99,,USD,5,1,https://www.amazon.com/dp/B0BLQ7CJD4,https://m.media-amazon.com/images/I/51tfeupDbPL._AC_SX444_SY639_QL65_.jpg,,$659.99,False,True,False
B08PNP5YGV,"Apple iPhone 12 Pro, 128GB, Graphite - Fully Unlocked (Renewed)",,,,4.2,4644,https://www.amazon.com/dp/B08PNP5YGV,https://m.media-amazon.com/images/I/51bf95umgzL._AC_SX444_SY639_QL65_.jpg,,,False,True,True
B0BBSBYJTS,Samsung Galaxy S20 FE 5G 128GB Blue AT&amp;T LOCKED,$209.99,,USD,4.4,64,https://www.amazon.com/dp/B0BBSBYJTS,https://m.media-amazon.com/images/I/31mxNCsYbpL._AC_SX255_SY367_QL65_.jpg,,$209.99,False,False,True
B07PFL29FR,"Samsung Galaxy S10+, 128GB, Prism White - Unlocked (Renewed)",$201.00,,USD,4.3,17118,https://www.amazon.com/dp/B07PFL29FR,https://m.media-amazon.com/images/I/51QcNhMe3KL._AC_SX444_SY639_QL65_.jpg,,$201.00,False,False,True
B08H8DH3RM,"SAMSUNG Galaxy A51 128GB (6.5 inch) Display Quad Camera 48MP A515U Black Unlocked (Renewed), A51 128GB A515U",$147.00,,USD,4,1282,https://www.amazon.com/dp/B08H8DH3RM,https://m.media-amazon.com/images/I/61XoUEP4bSL._AC_SX444_SY639_QL65_.jpg,,$147.00,False,False,True
B09RZY8SXH,Xiaomi Redmi Note 11 Pro 5G + 4G Global Version 128GB ROM + 8GB Unlocked 6.67&quot; 108MP Camera Night Mode (Not Verizon Sprint Boost Cricket Metro At&amp;T) Mobile Cell Phone (Atlantic Blue),$299.50,$379.99,USD,4.3,2137,https://www.amazon.com/dp/B09RZY8SXH,https://m.media-amazon.com/images/I/51Z2CRTQHrL._AC_SX444_SY639_QL65_.jpg,,$299.50,False,True,False
B09813F5LX,"Samsung Galaxy A02s Smartphone, 32GB Storage, Factory Unlocked - Black (Renewed)",$93.88,,USD,3.7,98,https://www.amazon.com/dp/B09813F5LX,https://m.media-amazon.com/images/I/61upc4T9AHS._AC_SX444_SY639_QL65_.jpg,,$93.88,False,True,True
B084GSYMN3,"Apple iPhone 11 Pro [512GB, Silver] + Carrier Subscription [Cricket Wireless]",$683.73,,USD,4.4,39,https://www.amazon.com/dp/B084GSYMN3,https://m.media-amazon.com/images/I/81vZCv9kA0L._AC_SX444_SY639_QL65_.jpg,,$683.73,False,True,True
B0B5FLFKZ7,"iPhone 13 Pro Max, 256GB, Alpine Green - Unlocked (Renewed)",$854.90,,USD,4.3,1775,https://www.amazon.com/dp/B0B5FLFKZ7,https://m.media-amazon.com/images/I/611ovP2GkrL._AC_SX444_SY639_QL65_.jpg,,$854.90,False,False,True
B09PPM5CWJ,"Samsung Galaxy A03 Core (SM-A032/DS) Dual SIM 32GB/ 2GB RAM, GSM Unlocked International Version - No Warranty - Blue",$104.50,,USD,3.8,1686,https://www.amazon.com/dp/B09PPM5CWJ,https://m.media-amazon.com/images/I/61Wb8B92XIL._AC_SX444_SY639_QL65_.jpg,,$104.50,False,False,False
B076XLLCQC,"Samsung Galaxy Note 8, 64GB, Midnight Black - Fully Unlocked (Renewed)",$177.78,$358.97,USD,4.3,6922,https://www.amazon.com/dp/B076XLLCQC,https://m.media-amazon.com/images/I/615Y7qMu7lL._AC_SX444_SY639_QL65_.jpg,,$177.78,False,False,True
B0BNKC2ZJ6,Xiaomi Redmi Note 12 Pro 5G + 4G (128GB + 6GB) Factory Unlocked 6.67&quot; 50MP Triple Camera (Only Tmobile/Metro/Mint USA Market) + Extra (w/Fast Car Charger Bundle) (Midnight Gray),$247.50,$284.50,USD,4.1,29,https://www.amazon.com/dp/B0BNKC2ZJ6,https://m.media-amazon.com/images/I/61xQ0FOXtGL._AC_SX444_SY639_QL65_.jpg,,$247.50,False,True,False
B09339NNYW,"Apple iPhone 12 Mini (64GB, Purple) [Locked] + Carrier Subscription",$670.70,,USD,3.7,58,https://www.amazon.com/dp/B09339NNYW,https://m.media-amazon.com/images/I/71hVxI-Ed-S._AC_SX444_SY639_QL65_.jpg,,$670.70,False,True,True
B09MYGQVQX,Samsung Galaxy A12 32GB A125U 6.5&quot; Display Quad Camera Android Smartphone - Blue (Renewed) (AT&amp;T Unlocked),$138.99,$154.99,USD,4.3,52,https://www.amazon.com/dp/B09MYGQVQX,https://m.media-amazon.com/images/I/61JQojDKlQL._AC_SX444_SY639_QL65_.jpg,,$138.99,False,True,True
B09DN8HPTK,"SAMSUNG Galaxy A03S 4G LTE (NOT 5G) 6.5&quot; HD+ Triple Camera 5000mAh Battery, Dual Sim GSM Unlocked Global 4G Volte (NOT VERIZON/Boost) International Model A037M/DS (Blue, 32GB+3GB)",$129.99,,USD,4.2,215,https://www.amazon.com/dp/B09DN8HPTK,https://m.media-amazon.com/images/I/61ZjdSPIfoL._AC_SX444_SY639_QL65_.jpg,,$129.99,False,False,False
B0C1F8GQJV,"SAMSUNG Galaxy S21 Ultra 5G | G998U Android Cell Phone US Version Smartphone Pro-Grade Camera, 8K Video, 108MP High Res 256GB Phantom T-Mobile Locked - (Renewed) Blackk (256 GB)",$419.00,$439.99,USD,4.2,39,https://www.amazon.com/dp/B0C1F8GQJV,https://m.media-amazon.com/images/I/71zhx0uaDeL._AC_SX444_SY639_QL65_.jpg,,$419.00,False,False,True
B09XP3B36Y,"Samsung Galaxy A23 (SM-A235M/DS) Dual SIM,64 GB 4GB RAM, Factory Unlocked GSM, International Version - No Warranty - (White)",$189.00,,USD,4.1,65,https://www.amazon.com/dp/B09XP3B36Y,https://m.media-amazon.com/images/I/81PVY+dczhL._AC_SX444_SY639_QL65_.jpg,,$189.00,False,True,False
B0B4FBKLWP,"SAMSUNG Galaxy Z Fold 4 Cell Phone, Factory Unlocked Android Smartphone, 512GB, Flex Mode, Hands Free Video, Multi Window View, Foldable Display, S Pen Compatible, US Version, 2022, Gray Green","$1,599.97","$1,919.99",USD,4.3,98,https://www.amazon.com/dp/B0B4FBKLWP,https://m.media-amazon.com/images/I/81rCIc3xUhL._AC_SX444_SY639_QL65_.jpg,,"$1,599.97",False,True,False
B0BV8HK5GC,Samsung Galaxy S23 Ultra 5G SM-S918B/DS Dual SIM 256GB ROM 8GB RAM GSM Factory Unlocked Mobile Cell Phone Global Model Cream,$915.00,$999.99,USD,4,25,https://www.amazon.com/dp/B0BV8HK5GC,https://m.media-amazon.com/images/I/91zQz13evdL._AC_SX444_SY639_QL65_.jpg,,$915.00,False,True,False
B09V4KJTTJ,"Apple 2022 iPhone SE (64 GB, Starlight) [Locked] + Carrier Subscription",$429.00,,USD,3.9,4,https://www.amazon.com/dp/B09V4KJTTJ,https://m.media-amazon.com/images/I/61-MT8AQAPL._AC_SX444_SY639_QL65_.jpg,,$429.00,False,True,True
B07D5J57MQ,Huawei Y7 Prime 2018 4G LTE 32GB Dual Sim Factory Unlocked (LTE USA Latin Carribean) Desbloqueado,$119.00,,USD,3.3,23,https://www.amazon.com/dp/B07D5J57MQ,https://m.media-amazon.com/images/I/51vyyrCIelL._AC_SX444_SY639_QL65_.jpg,,$119.00,False,True,False
B09M7PFM5H,Samsung Galaxy Note 20 Ultra 5G N986 AT&amp;T Unlocked 128GB Mystic Black (Renewed),$400.00,,USD,4.3,307,https://www.amazon.com/dp/B09M7PFM5H,https://m.media-amazon.com/images/I/51uTjxiofJL._AC_SX444_SY639_QL65_.jpg,,$400.00,False,False,True
B08PNVVLJM,Samsung Galaxy A42 5G Dual A426B 128GB 6GB RAM Factory Unlocked (GSM Only | No CDMA - not Compatible with Verizon/Sprint) International Version - Black,$349.95,$389.99,USD,3.6,21,https://www.amazon.com/dp/B08PNVVLJM,https://m.media-amazon.com/images/I/41tbVzqt5US._AC_SX444_SY639_QL65_.jpg,,$349.95,False,True,False
B09HR68FBF,SAMSUNG Galaxy A12 32GB A125U Android Smartphone - Verizon Locked - Black - (Renewed),$104.74,,USD,4.1,20,https://www.amazon.com/dp/B09HR68FBF,https://m.media-amazon.com/images/I/812aalWcysL._AC_SX444_SY639_QL65_.jpg,,$104.74,False,False,True
B07H8RFDYM,"Samsung Galaxy Note 9, 512GB, Ocean Blue - Unlocked (Renewed)",$274.00,$429.95,USD,4.4,333,https://www.amazon.com/dp/B07H8RFDYM,https://m.media-amazon.com/images/I/7196ThzXUQL._AC_SX444_SY639_QL65_.jpg,,$274.00,False,True,True
B0C92BRJMM,SAMSUNG Galaxy S9+ 64GB Smartphone - Midnight Black - Carrier Unlocked (Renewed),$163.95,,USD,3.9,5,https://www.amazon.com/dp/B0C92BRJMM,https://m.media-amazon.com/images/I/71iEeXihiyL._AC_SX444_SY639_QL65_.jpg,,$163.95,False,False,False
B07H8PXT7K,"Samsung Galaxy Note 9, 128GB, Lavender Purple - Unlocked (Renewed)",$189.00,,USD,4.3,3130,https://www.amazon.com/dp/B07H8PXT7K,https://m.media-amazon.com/images/I/61uujnc3OCL._AC_SX444_SY639_QL65_.jpg,,$189.00,False,False,True
B09PH88ZM6,"AT&amp;T Samsung Galaxy A02s, 32GB, Black - 4G 6.5&quot; Android Prepaid Smartphone - Carrier Locked to AT&amp;T",$107.99,,USD,4.1,135,https://www.amazon.com/dp/B09PH88ZM6,https://m.media-amazon.com/images/I/71VqbuZg+gL._AC_SX444_SY639_QL65_.jpg,,$107.99,False,False,False
B07QCWD783,SAMSUNG Galaxy S9 G960U 64GB Unlocked GSM 4G LTE Android Phone - Coral Blue,$205.79,$218.18,USD,4.1,120,https://www.amazon.com/dp/B07QCWD783,https://m.media-amazon.com/images/I/51t1psoGXFL._AC_SX444_SY639_QL65_.jpg,,$205.79,False,True,False
B094XLBK47,Samsung Galaxy A51 5G | A516U | 128GB | Single SIM | Android Smartphone | Prism Crush Blue - Verizon Locked - (Renewed),$142.00,$149.00,USD,4.2,86,https://www.amazon.com/dp/B094XLBK47,https://m.media-amazon.com/images/I/81nqj1b17+L._AC_SX444_SY639_QL65_.jpg,,$142.00,False,True,True
B09W2WXG3F,Poco F4 GT 5G + 4G LTE 128GB + 8GB Factory Unlocked 6.67&quot; 120Hz 64Mp Triple Camera (Not Verizon Sprint Boost Cricket Metro At&amp;T) + (w/Fast Car Charger Bundle) (Cyber Yellow),$389.99,,USD,4.2,154,https://www.amazon.com/dp/B09W2WXG3F,https://m.media-amazon.com/images/I/51tMgKjrM3L._AC_SX444_SY639_QL65_.jpg,,$389.99,False,True,False
B00SCARROC,Samsung Galaxy S3-16GB - Black - Unlocked,,,,5,1,https://www.amazon.com/dp/B00SCARROC,https://m.media-amazon.com/images/I/41VJIIDKAzL._AC_SX444_SY639_QL65_.jpg,,,False,False,False
B08LXKCCGL,SAMSUNG Galaxy A21 A215U 6.5-inch T-Mobile/Sprint Locked 32GB Android Smartphone (Renewed),$100.00,,USD,3.7,42,https://www.amazon.com/dp/B08LXKCCGL,https://m.media-amazon.com/images/I/71ETTKlsb9L._AC_SX444_SY639_QL65_.jpg,,$100.00,False,False,True
B09Y9FB534,"Samsung Galaxy A13 A135M 64GB Dual SIM GSM Unlocked Android Smartphone (International, Latin America Variant/US Compatible LTE) - Black",$179.00,,USD,4.1,192,https://www.amazon.com/dp/B09Y9FB534,https://m.media-amazon.com/images/I/41d0voIOLmL._AC_SX444_SY639_QL65_.jpg,,$179.00,False,True,False
B0C6FR2R5X,"SAMSUNG Galaxy A34 5G Dual SIM (128GB, 6GB) 6.6&quot; 120Hz AMOLED, Octa-Core, 48MP Triple Camera, 4G Volte (GSM Unlocked for T-Mobile, Metro, Global) International Model A346M/DSN (w/ 256GB SD, Silver)",$265.00,,USD,5,1,https://www.amazon.com/dp/B0C6FR2R5X,https://m.media-amazon.com/images/I/51ExLzIc3sL._AC_SX444_SY639_QL65_.jpg,,$265.00,False,True,False
B0C4Q796XC,"SAMSUNG Galaxy S23+ Plus Cell Phone, Factory Unlocked Android Smartphone, 256GB Storage, 50MP Camera, Night Mode, Long Battery Life, Adaptive Display, US Version, 2023, Phantom Black (Renewed)",$674.00,$999.99,USD,4.1,12,https://www.amazon.com/dp/B0C4Q796XC,https://m.media-amazon.com/images/I/51hCNSMszwL._AC_SX444_SY639_QL65_.jpg,,$674.00,False,False,True
B094FBCB2K,"Samsung Galaxy A12, Unlocked Smartphone, Android Cell Phone, Multi-Camera System, Expandable Storage, US Version, 32Gb, Black (Renewed)",$134.97,,USD,3.8,112,https://www.amazon.com/dp/B094FBCB2K,https://m.media-amazon.com/images/I/81t8kQP6OQL._AC_SX444_SY639_QL65_.jpg,,$134.97,False,False,True
B0C9JWSTB5,"SAMSUNG Galaxy A14 5G (SM-A146M/DS) Dual SIM,128GB + 4GB, Factory Unlocked GSM, International Version (Ring Grip Case Bundle) - No Warranty - (Green)",$189.99,,USD,2.5,3,https://www.amazon.com/dp/B0C9JWSTB5,https://m.media-amazon.com/images/I/61hrvDfFNtL._AC_SX444_SY639_QL65_.jpg,,$189.99,False,True,False
B0BXQ4YNV9,Xiaomi Redmi Note 12 Pro 5G + 4G (256GB + 8GB) GSM Unlocked 6.67&quot; 50MP Triple Cam (Only Tmobile/Tello/Mint USA Market) + Extra (w/Fast Car Charger) (Sky Blue Global + 55W Fast Car Bundle),$294.00,,USD,4.8,1058,https://www.amazon.com/dp/B0BXQ4YNV9,https://m.media-amazon.com/images/I/61heARlN-4L._AC_SX444_SY639_QL65_.jpg,,$294.00,False,True,False
B0C3WJB8NK,Xiaomi Redmi Note 12S 4G LTE (256GB + 8GB) Global Unlocked 6.67&quot; 108MP Triple (ONLY T-Moble/Tello/Mint USA Market) + (w/ 33W Fast Car Dual Charger Bundle) (Onyx Black),$206.50,$218.74,USD,4.7,840,https://www.amazon.com/dp/B0C3WJB8NK,https://m.media-amazon.com/images/I/61fqF0m-y1L._AC_SX444_SY639_QL65_.jpg,,$206.50,False,True,False
B09WDGRRJB,SAMSUNG Galaxy A73 5G Dual A736B 128GB ROM 8GB RAM Factory Unlocked (GSM Only | No CDMA - not Compatible with Verizon/Sprint) Mobile Cell Phone – Awesome Grey,$468.75,,USD,4.2,110,https://www.amazon.com/dp/B09WDGRRJB,https://m.media-amazon.com/images/I/81L-vHXWLZL._AC_SX444_SY639_QL65_.jpg,,$468.75,False,False,False
B094GDL189,"Samsung Galaxy S21 5G (128GB, 8GB) 6.2&quot; AMOLED 120Hz, Snapdragon 888, Global 5G Volte (GSM + CDMA) Factory Unlocked (AT&amp;T, Verizon, T-Mobile, Metro) G991U1 ( Phantom Violet) (Renewed)",$227.90,$579.97,USD,3.9,56,https://www.amazon.com/dp/B094GDL189,https://m.media-amazon.com/images/I/61uhL-Bb4xL._AC_SX444_SY639_QL65_.jpg,,$227.90,False,False,True
B0C2JJG48D,SAMSUNG Galaxy A53 5G UW 128GB Awesome Black-Verizon Smartphone-(Renewed,$180.00,$190.00,USD,3.6,4,https://www.amazon.com/dp/B0C2JJG48D,https://m.media-amazon.com/images/I/71QGsMziJZL._AC_SX444_SY639_QL65_.jpg,,$180.00,False,False,False
B08CHRHFRL,Samsung Galaxy A01 16GB BLACK VERIZON,$73.33,$94.93,USD,4.2,326,https://www.amazon.com/dp/B08CHRHFRL,https://m.media-amazon.com/images/I/51ZV+0jlLRL._AC_SX444_SY639_QL65_.jpg,,$73.33,False,False,True
B0B8BN5STX,"SAMSUNG Samsung Galaxy A53 5G (128GB, 6GB) 6.5&#x27;&#x27; 120Hz Full HD+, IP67 Water Resistant, 64MP 4K Quad Camera, US 5G/Global 4G Volte (GSM Unlocked for AT&amp;T, T-Mobile, Global) A536U (Black) (Renewed)",$190.00,$268.50,USD,3.7,39,https://www.amazon.com/dp/B0B8BN5STX,https://m.media-amazon.com/images/I/61uAwNHHgaL._AC_SX444_SY639_QL65_.jpg,,$190.00,False,False,True
B07BBT5MMD,"Samsung Galaxy S9, 64GB, Lilac Purple - For AT&amp;T (Renewed)",$129.99,,USD,4.3,262,https://www.amazon.com/dp/B07BBT5MMD,https://m.media-amazon.com/images/I/716uqF6uUgL._AC_SX444_SY639_QL65_.jpg,,$129.99,False,False,True
B0BGQS8YV4,"iPhone 13, 128GB, Pink - Unlocked (Renewed Premium)",$653.89,,USD,4.4,503,https://www.amazon.com/dp/B0BGQS8YV4,https://m.media-amazon.com/images/I/61l9ppRIiqL._AC_SX444_SY639_QL65_.jpg,,$653.89,False,True,True
B00VH2TWBS,Samsung GALAXY S6 G920 32GB Unlocked GSM 4G LTE Octa-Core Smartphone - Black Sapphire,$169.00,,USD,4,375,https://www.amazon.com/dp/B00VH2TWBS,https://m.media-amazon.com/images/I/81Z0DX6B3bL._AC_SX444_SY639_QL65_.jpg,,$169.00,False,False,False
B09V2CXSMC,SAMSUNG Galaxy A03 4G LTE (32GB+3GB) 6.5&quot; HD+ 48MP Dual Camera 5000mAh Dual Sim GSM Unlocked (Tmobile Mint Tello Global) A035M/DS (Red),$139.99,,USD,4,238,https://www.amazon.com/dp/B09V2CXSMC,https://m.media-amazon.com/images/I/71PjBQMw4DL._AC_SX444_SY639_QL65_.jpg,,$139.99,False,False,False
B0933JJCNK,"Samsung Galaxy S21 5G, US Version, 128GB, Phantom Gray for AT&amp;T (Renewed)",$227.05,$289.99,USD,3.9,114,https://www.amazon.com/dp/B0933JJCNK,https://m.media-amazon.com/images/I/61jYjeuNUnL._AC_SX444_SY639_QL65_.jpg,,$227.05,False,False,True
B09WXQN9KN,"Samsung Galaxy S22 Ultra Smartphone, Factory Unlocked Android Cell Phone, 512GB, 8K Camera &amp; Video, Brightest Display, S Pen, Long Battery Life, Fast 4nm Processor, US Version, Phantom White (Renewed)",$713.00,$949.99,USD,4.2,159,https://www.amazon.com/dp/B09WXQN9KN,https://m.media-amazon.com/images/I/61NiMaFqtGL._AC_SX444_SY639_QL65_.jpg,,$713.00,False,False,False
B07XHT18PH,SAMSUNG Galaxy S7 | 32GB | Unlocked GSM 4G/LTE Smartphone (Renewed) (Gold),$109.00,,USD,3.9,23,https://www.amazon.com/dp/B07XHT18PH,https://m.media-amazon.com/images/I/713wfLnEYjL._AC_SX444_SY639_QL65_.jpg,,$109.00,False,False,True
B07S4DP1HN,"SAMSUNG Galaxy J7 2018 (16GB) J737A - 5.5&quot; HD Display, Android 8.0, Octa-core 4G LTE AT&amp;T Smartphone (Renewed) (Black, ATT Locked)",$79.98,,USD,4,685,https://www.amazon.com/dp/B07S4DP1HN,https://m.media-amazon.com/images/I/410etQqwIJL._AC_SX444_SY639_QL65_.jpg,,$79.98,False,False,True
B00VH2TWBS,Samsung GALAXY S6 G920 32GB Unlocked GSM 4G LTE Octa-Core Smartphone - Black Sapphire,$169.00,,USD,4,375,https://www.amazon.com/dp/B00VH2TWBS,https://m.media-amazon.com/images/I/81Z0DX6B3bL._AC_SX444_SY639_QL65_.jpg,,$169.00,False,False,False
B09V2CXSMC,SAMSUNG Galaxy A03 4G LTE (32GB+3GB) 6.5&quot; HD+ 48MP Dual Camera 5000mAh Dual Sim GSM Unlocked (Tmobile Mint Tello Global) A035M/DS (Red),$139.99,,USD,4,238,https://www.amazon.com/dp/B09V2CXSMC,https://m.media-amazon.com/images/I/71PjBQMw4DL._AC_SX444_SY639_QL65_.jpg,,$139.99,False,False,False
B0933JJCNK,"Samsung Galaxy S21 5G, US Version, 128GB, Phantom Gray for AT&amp;T (Renewed)",$227.05,$289.99,USD,3.9,114,https://www.amazon.com/dp/B0933JJCNK,https://m.media-amazon.com/images/I/61jYjeuNUnL._AC_SX444_SY639_QL65_.jpg,,$227.05,False,False,True
B09WXQN9KN,"Samsung Galaxy S22 Ultra Smartphone, Factory Unlocked Android Cell Phone, 512GB, 8K Camera &amp; Video, Brightest Display, S Pen, Long Battery Life, Fast 4nm Processor, US Version, Phantom White (Renewed)",$713.00,$949.99,USD,4.2,159,https://www.amazon.com/dp/B09WXQN9KN,https://m.media-amazon.com/images/I/61NiMaFqtGL._AC_SX444_SY639_QL65_.jpg,,$713.00,False,False,False
B07XHT18PH,SAMSUNG Galaxy S7 | 32GB | Unlocked GSM 4G/LTE Smartphone (Renewed) (Gold),$109.00,,USD,3.9,23,https://www.amazon.com/dp/B07XHT18PH,https://m.media-amazon.com/images/I/713wfLnEYjL._AC_SX444_SY639_QL65_.jpg,,$109.00,False,False,True
B07S4DP1HN,"SAMSUNG Galaxy J7 2018 (16GB) J737A - 5.5&quot; HD Display, Android 8.0, Octa-core 4G LTE AT&amp;T Smartphone (Renewed) (Black, ATT Locked)",$79.98,,USD,4,685,https://www.amazon.com/dp/B07S4DP1HN,https://m.media-amazon.com/images/I/410etQqwIJL._AC_SX444_SY639_QL65_.jpg,,$79.98,False,False,True
B09QSC4HN9,Xiaomi Redmi Note 11 4G Global Version 128GB + 4GB Unlocked 6.43&quot; Quad Camera 50MP Night Mode (NOT Verizon Sprint Boost Cricket At&amp;t) (w/Fast Car Charger Bundle) (Blue),$166.95,$184.99,USD,4.4,18135,https://www.amazon.com/dp/B09QSC4HN9,https://m.media-amazon.com/images/I/71M0kR+F-CL._AC_SX444_SY639_QL65_.jpg,,$166.95,False,True,False
B08L6ZMNFX,"Samsung Galaxy Note 10 N970 6.3&quot; Android 256GB Smartphone (Renewed) (Aura Glow, GSM Unlocked)",$264.95,$329.99,USD,4.3,275,https://www.amazon.com/dp/B08L6ZMNFX,https://m.media-amazon.com/images/I/51bHEcjN36L._AC_SX444_SY639_QL65_.jpg,,$264.95,False,False,True
B0BYHD6RD4,"Apple iPhone 14 Plus, 256GB, Purple - Unlocked (Renewed Premium)",$799.00,,USD,4,40,https://www.amazon.com/dp/B0BYHD6RD4,https://m.media-amazon.com/images/I/61YSNhAb00L._AC_SX444_SY639_QL65_.jpg,,$799.00,False,True,True
B0BD17M16N,SAMSUNG Galaxy Z Flip 3 128GB Black AT&amp;T Locked,$280.00,$329.95,USD,3.6,30,https://www.amazon.com/dp/B0BD17M16N,https://m.media-amazon.com/images/I/51JGw5iSipL._AC_SX444_SY639_QL65_.jpg,,$280.00,False,False,True
B0CCPNDQCP,"SAMSUNG Galaxy A14 5G (64GB, 4GB) 6.6&quot; 90Hz, Octa-Core(7nm), 50MP Triple Camera, US 5G / Global 4G Volte (GSM Unlocked for T-Mobile, Metro, AT&amp;T, Global No Logo) A146U (w/ 256GB SD, Black) (Renewed)",$175.99,,USD,,0,https://www.amazon.com/dp/B0CCPNDQCP,https://m.media-amazon.com/images/I/61G9RdA0EQL._AC_SX444_SY639_QL65_.jpg,,$175.99,False,False,False
B09P484865,Samsung Galaxy A32 5G 64GB Phantom Black - T-Mobile (Renewed),$152.19,,USD,4.1,33,https://www.amazon.com/dp/B09P484865,https://m.media-amazon.com/images/I/41-1TTnZ45L._AC_SX348_SY500_QL65_.jpg,,$152.19,False,False,True
B09GKXZCWY,"SAMSUNG Galaxy Z Flip 3 5G Factory Unlocked Android Cell Phone US Version Smartphone Flex Mode Intuitive Camera Compact 128GB Storage US Warranty, Green (Renewed)",$349.66,,USD,4.1,202,https://www.amazon.com/dp/B09GKXZCWY,https://m.media-amazon.com/images/I/71rK4lbCPLL._AC_SX444_SY639_QL65_.jpg,,$349.66,False,False,True
B0B4V9YMPP,SAMSUNG Galaxy S22+ Plus 256GB Factory Unlocked SM-S906U1 Sky Blue (Renewed),$629.00,,USD,4.5,230,https://www.amazon.com/dp/B0B4V9YMPP,https://m.media-amazon.com/images/I/51g87xm8ZYL._AC_SX444_SY639_QL65_.jpg,,$629.00,False,True,True
B0B6997TLM,Samsung Galaxy A53 (5G) 128GB Unlocked - Black (Renewed),$210.00,,USD,3.6,115,https://www.amazon.com/dp/B0B6997TLM,https://m.media-amazon.com/images/I/61uAwNHHgaL._AC_SX444_SY639_QL65_.jpg,,$210.00,False,False,True
B07S4DP1HN,"SAMSUNG Galaxy J7 2018 (16GB) J737A - 5.5&quot; HD Display, Android 8.0, Octa-core 4G LTE AT&amp;T Smartphone (Renewed) (Black, ATT Locked)",$79.98,,USD,4,685,https://www.amazon.com/dp/B07S4DP1HN,https://m.media-amazon.com/images/I/410etQqwIJL._AC_SX444_SY639_QL65_.jpg,,$79.98,False,False,True
B09TY959LR,SAMSUNG Galaxy A01 SM-A015A (Renewed) (for GSM),$78.57,,USD,3.4,24,https://www.amazon.com/dp/B09TY959LR,https://m.media-amazon.com/images/I/31fhi7aW5lL._AC_SX348_SY500_QL65_.jpg,,$78.57,False,False,True
B0BDBSBBDX,"SAMSUNG Galaxy XCover6 Pro 5G | Rugged (IP68 Rated) Unlocked (Verizon, AT&amp;T, T-Mobile, US Cellular) | Dual Sim (1 Nano + 1 eSIM) | 128GB | US Version (2022 Model) | Black (SM-G736UZKEXAA)",$641.01,,USD,4,79,https://www.amazon.com/dp/B0BDBSBBDX,https://m.media-amazon.com/images/I/91kumpJW5hL._AC_SX444_SY639_QL65_.jpg,,$641.01,False,False,False
B07VQWHD3V,"Apple iPhone XR (128GB, White) [Locked] + Carrier Subscription",$469.28,$549.00,USD,4.2,84,https://www.amazon.com/dp/B07VQWHD3V,https://m.media-amazon.com/images/I/51PuFBgBK4L._AC_SX444_SY639_QL65_.jpg,,$469.28,False,True,True
B084GT5CBS,"Apple iPhone 11 [128GB, Black] + Carrier Subscription [Cricket Wireless]",$550.11,,USD,4.4,243,https://www.amazon.com/dp/B084GT5CBS,https://m.media-amazon.com/images/I/71iO2R+CLjL._AC_SX444_SY639_QL65_.jpg,,$550.11,False,True,True
B0B4GL65YQ,"SAM SUNG Galaxy A32 5G Supported | Boost Carrier Locked | (Boost Mobile Phones) Packaging | 4GB, 64GB Black (New) | Android Smartphone | Best Affordable Smart Phone |, 6 x 4 x 2 (Renewed)",,,,3.8,25,https://www.amazon.com/dp/B0B4GL65YQ,https://m.media-amazon.com/images/I/51U8Mcfg13L._AC_SX410_SY591_QL65_.jpg,,,False,False,True
B07YX7PXF5,Samsung A10e Verizon Black 32 GB (Renewed),$80.00,,USD,4.1,357,https://www.amazon.com/dp/B07YX7PXF5,https://m.media-amazon.com/images/I/71ZZtb5maFL._AC_SX444_SY639_QL65_.jpg,,$80.00,False,False,True
B0BCSZK2NG,Xiaomi M5s 4G LTE GSM (128GB + 6GB) 64MP Quad Camera 6.43&#x27;&#x27; Octa Core (NOT for USA Market) Global Unlocked + (w/Fast 51w Car Charger) (Gray (Global Version)),$184.99,$199.99,USD,4.7,3224,https://www.amazon.com/dp/B0BCSZK2NG,https://m.media-amazon.com/images/I/61xHoVL2DUL._AC_SX444_SY639_QL65_.jpg,,$184.99,False,True,False
B09LKXHWCF,"iPhone 13 Mini, 128GB, Blue - Unlocked (Renewed)",$479.99,,USD,4.4,1876,https://www.amazon.com/dp/B09LKXHWCF,https://m.media-amazon.com/images/I/51ysOQMyoGL._AC_SX444_SY639_QL65_.jpg,,$479.99,False,False,True
B08QBRH9GP,Samsung Galaxy A51 SM-A516U 5G Fully Unlocked - 128GB - Prism Crush Black - (Renewed),$169.99,,USD,3.9,165,https://www.amazon.com/dp/B08QBRH9GP,https://m.media-amazon.com/images/I/81Mz+mHMdbL._AC_SX444_SY639_QL65_.jpg,,$169.99,False,True,True
B0CD4MSK9B,SAMSUNG Galaxy S7 | 32GB | Unlocked GSM 4G/LTE Smartphone (Renewed) (Black),$109.99,,USD,3.9,23,https://www.amazon.com/dp/B0CD4MSK9B,https://m.media-amazon.com/images/I/51LNPqfg8fL._AC_SX444_SY639_QL65_.jpg,,$109.99,False,False,True
B09R4LXD5H,Xiaomi Redmi Note 11S 4G Volte 128GB + 6GB Factory Unlocked 6.43&quot; Quad Camera 108MP Night Mode (NOT Verizon Sprint Boost Cricket At&amp;t) (w/Fast Car Charger Bundle) (Graphite Gray),$169.99,$179.99,USD,4.6,5801,https://www.amazon.com/dp/B09R4LXD5H,https://m.media-amazon.com/images/I/51UhkQTNxmL._AC_SX444_SY639_QL65_.jpg,,$169.99,False,True,False
B089HPTDK5,SAMSUNG Galaxy A50 A505U 64GB GSM Unlocked Smartphone - Black (Renewed),$125.00,,USD,4,330,https://www.amazon.com/dp/B089HPTDK5,https://m.media-amazon.com/images/I/71N3nJoPQ+L._AC_SX444_SY639_QL65_.jpg,,$125.00,False,False,True
B09R4LXD5H,Xiaomi Redmi Note 11S 4G Volte 128GB + 6GB Factory Unlocked 6.43&quot; Quad Camera 108MP Night Mode (NOT Verizon Sprint Boost Cricket At&amp;t) (w/Fast Car Charger Bundle) (Graphite Gray),$169.99,$179.99,USD,4.6,5801,https://www.amazon.com/dp/B09R4LXD5H,https://m.media-amazon.com/images/I/51UhkQTNxmL._AC_SX444_SY639_QL65_.jpg,,$169.99,False,True,False
B09SHYDC22,"Samsung Galaxy A53 5G (128GB, 6GB) 6.5&quot;, IP67 Water Resistant, Dual SIM GSM 4G Volte Unlocked (Not Verizon Boost At&amp;t Cricket) International Model A536E/DS (25W Charging Cube Bundle, Awesome Peachh)",,,,4.1,1010,https://www.amazon.com/dp/B09SHYDC22,https://m.media-amazon.com/images/I/81aCq5pLIOL._AC_SX444_SY639_QL65_.jpg,,,False,False,False
B08L5P8MRB,"Apple iPhone 12 (128GB, (Product) RED) [Locked] + Carrier Subscription",$751.61,$879.00,USD,4.2,134,https://www.amazon.com/dp/B08L5P8MRB,https://m.media-amazon.com/images/I/71E5zB1qbIL._AC_SX444_SY639_QL65_.jpg,,$751.61,False,True,True
B0B6997TLM,Samsung Galaxy A53 (5G) 128GB Unlocked - Black (Renewed),$210.00,,USD,3.6,115,https://www.amazon.com/dp/B0B6997TLM,https://m.media-amazon.com/images/I/61uAwNHHgaL._AC_SX444_SY639_QL65_.jpg,,$210.00,False,False,True
B089HPTDK5,SAMSUNG Galaxy A50 A505U 64GB GSM Unlocked Smartphone - Black (Renewed),$125.00,,USD,4,330,https://www.amazon.com/dp/B089HPTDK5,https://m.media-amazon.com/images/I/71N3nJoPQ+L._AC_SX444_SY639_QL65_.jpg,,$125.00,False,False,True
B09JFJ1Q5C,"Apple iPhone 12 Pro, 256GB, Gold - Unlocked (Renewed Premium)",$678.96,,USD,3.8,68,https://www.amazon.com/dp/B09JFJ1Q5C,https://m.media-amazon.com/images/I/71Z+1AAhT5L._AC_SX444_SY639_QL65_.jpg,,$678.96,False,True,True
B0C4L2P362,Xiaomi Poco F5 5G + 4G LTE 256GB + 12GB Global Version Unlocked 6.67&quot; 120Hz 64Mp Triple Camera (Tmobile Mint Tello Metro USA Market) + (w/Fast Car 51W Charger Bundle) (Black (Global)),$392.00,$499.00,USD,4.8,697,https://www.amazon.com/dp/B0C4L2P362,https://m.media-amazon.com/images/I/71gVs-SrQQL._AC_SX444_SY639_QL65_.jpg,,$392.00,False,True,False
B077568ZJ3,"Apple iPhone 8 Plus, US Version, 256GB, Gold - Unlocked (Renewed)",$237.00,,USD,4.4,26454,https://www.amazon.com/dp/B077568ZJ3,https://m.media-amazon.com/images/I/51m095zShrL._AC_SX444_SY639_QL65_.jpg,,$237.00,False,True,True
B0B2VSQP3Y,Xiaomi Redmi K50 Gaming 5G + 4G LTE (256GB + 12GB) (NOT Verizon AT&amp;T Cricket Straight Talk) NFC Triple Camera 6.67&quot; + (w/Fast Car Charger Bundle) (Electric Shadow),$499.00,,USD,4.5,322,https://www.amazon.com/dp/B0B2VSQP3Y,https://m.media-amazon.com/images/I/51KYgdB2IoL._AC_SX444_SY639_QL65_.jpg,,$499.00,False,False,False
B0845ZVJW3,"Samsung Galaxy Note 10+, 256GB, Aura Black - Fully Unlocked (Renewed)",$289.00,$309.99,USD,4.3,6071,https://www.amazon.com/dp/B0845ZVJW3,https://m.media-amazon.com/images/I/517MGkvMhXL._AC_SX444_SY639_QL65_.jpg,,$289.00,False,False,True
B00GS19754,"Samsung Galaxy S3 I747 16GB 4G LTE Unlocked GSM Android Smartphone - Marble White (International version, No Warranty)",,,,4,75,https://www.amazon.com/dp/B00GS19754,https://m.media-amazon.com/images/I/91EDXpbYCFL._AC_SX444_SY639_QL65_.jpg,,,False,False,False
B07ZRZLQ2S,Samsung Galaxy J7 J737V 16GB Verizon + GSM Unlocked Smartphone 2018 Edition - Black (Renewed),$69.95,,USD,3.7,15,https://www.amazon.com/dp/B07ZRZLQ2S,https://m.media-amazon.com/images/I/51Pz8ZES8KL._AC_SX444_SY639_QL65_.jpg,,$69.95,False,False,True
B0BLP46D6W,"SAMSUNG Galaxy S23+ Plus Cell Phone, Factory Unlocked Android Smartphone, 256GB, 50MP Camera, Night Mode, Long Battery Life, Adaptive Display, US Version, 2023, Green",$999.99,,USD,4.6,73,https://www.amazon.com/dp/B0BLP46D6W,https://m.media-amazon.com/images/I/71++2+4pHrL._AC_SX444_SY639_QL65_.jpg,,$999.99,False,False,False
B0BLP4J9RR,"SAMSUNG Galaxy S23+ Plus Cell Phone, Factory Unlocked Android Smartphone, 256GB, 50MP Camera, Night Mode, Long Battery Life, Adaptive Display, US Version, 2023, Phantom Black",$999.99,,USD,4.5,159,https://www.amazon.com/dp/B0BLP4J9RR,https://m.media-amazon.com/images/I/71wmNVsS9TL._AC_SX444_SY639_QL65_.jpg,,$999.99,False,True,False
B0BLNZVRK2,"SAMSUNG Galaxy S23+ Plus Cell Phone, Factory Unlocked Android Smartphone, 256GB, 50MP Camera, Night Mode, Long Battery Life, Adaptive Display, US Version, 2023, Lavender",$999.99,,USD,4.6,100,https://www.amazon.com/dp/B0BLNZVRK2,https://m.media-amazon.com/images/I/71LY9chfAKL._AC_SX444_SY639_QL65_.jpg,,$999.99,False,True,False
B08124P8MC,Apple iPod touch (256GB) - Pink (7th Gen) (Renewed),$399.99,$519.95,USD,4.1,23,https://www.amazon.com/dp/B08124P8MC,https://m.media-amazon.com/images/I/815uXhGZihS._AC_SX444_SY639_QL65_.jpg,,$399.99,False,True,False
B0C63689JH,"SAMSUNG Galaxy Z Fold 5 Cell Phone, Factory Unlocked Android Smartphone, 512GB, Big 7.6” Screen for Streaming, Gaming, Dual App View, One-Hand Control, Hands-Free Use, US Version, 2023, Icy Blue","$1,619.99","$1,919.99",USD,4.1,8,https://www.amazon.com/dp/B0C63689JH,https://m.media-amazon.com/images/I/61LyIe34PVL._AC_SX444_SY639_QL65_.jpg,,"$1,619.99",False,True,False
B0C63H2MDL,"SAMSUNG Galaxy Z Fold 5 Cell Phone, Factory Unlocked Android Smartphone, 256GB , Big 7.6” Screen for Streaming, Gaming, Dual App View, One-Hand Control, Hands-Free Use, US Version, 2023,Phantom Black","$1,499.99","$1,799.99",USD,4.7,18,https://www.amazon.com/dp/B0C63H2MDL,https://m.media-amazon.com/images/I/61A1RYHuSHL._AC_SX444_SY639_QL65_.jpg,,"$1,499.99",False,True,False
B0BLP25C33,"SAMSUNG Galaxy S23 Cell Phone, Factory Unlocked Android Smartphone, 128GB, 50MP Camera, Night Mode, Long Battery Life, Adaptive Display, US Version, 2023, Green",$799.99,,USD,4.5,78,https://www.amazon.com/dp/B0BLP25C33,https://m.media-amazon.com/images/I/71Tt0M+HClL._AC_SX444_SY639_QL65_.jpg,,$799.99,False,True,False
B0BLP46D6W,"SAMSUNG Galaxy S23+ Plus Cell Phone, Factory Unlocked Android Smartphone, 256GB, 50MP Camera, Night Mode, Long Battery Life, Adaptive Display, US Version, 2023, Green",$999.99,,USD,4.6,73,https://www.amazon.com/dp/B0BLP46D6W,https://m.media-amazon.com/images/I/71++2+4pHrL._AC_SX444_SY639_QL65_.jpg,,$999.99,False,False,False
